,content,hashtag,date,like,place,,,,,,,,,,,,,,,,,,,,,,,,,,,,
0,"??쪟源遺곸닚?곕궓鍮꾩쭛???㎨紐⑹궡源移섏컡媛?0.8), 珥덈??앸같湲고깢(0.8)???륂븳援?씤?먭쾶 源移섏컡媛쒕쭔???몃텋???녿뒗 ?뚯떇? ?놁쓣 寃껋씠?? ?ㅻ뒛? 媛濡쒖닔湲??멸렐???꾩튂???쒓?遺곸닚?곕궓鍮꾩쭛?앹뿉 ?ㅻ??붾떎.???닿납??硫붿씤??紐⑹궡源移섏컡媛쒕뒗 紐⑹궡怨?源移섎? ?щ퓤 ?ｌ뼱 ?몄썡???붿쟻???먮굜 ???덈뒗 ?묒??꾨퉬???볦뿬?덈떎. 移쇱뭡?섎㈃???좉?移섏쓽 ?곕??덈뒗 援?Ъ怨??대갚?섎㈃???쇰뱾??紐⑹궡???몄썡 ???ㅽ뫜??媛誘몃릺??諛??쒓렇由??앸뵳? ?쇰룄 ?꾨땲?덈떎. 怨꾨?李??ㅽ??쇱쓽 珥덈??앸같湲고깢? 遺?ㅻ??ㅽ븳 怨꾨?怨??ㅼ쭠?? ?좎튂?????ㅼ뼇???댁궛臾쇱쓣 ?ｊ퀬 ?볦뿬???댁궛臾쇱쓽 ?띾?? ?뚯쓽 ?κ툔?⑥씠 怨꾨?????諛곗뼱?ㅼ뼱 留뚯”?ㅻ윭?좊떎. ???대????щ뒓 諛깅컲吏??먮굦怨??ㅻⅤ吏 ?딆븯吏留??좊챸?몃뱾???몄씤??洹몃젮吏??꾨퉬?쒓퍚?ㅼ씠 ?닿납??留쏆쭛?꾩쓣 蹂댁쬆?섎뒗 ??嫄몃젮?덉뿀?? ?먯떖?쒓컙??移쇱뭡??源移섏컡媛??쒕깂鍮??섍린???쒓?遺곸닚?곕궓鍮꾩쭛?앹쓣 異붿쿇?쒕떎.???띂 ?????????녳???뱧?쒖슱 媛뺣궓援??뺢뎄?뺣줈2湲?15??#?뺤뒓??#?뺤뒓??떊??#?뺤뒓???濡쒖닔湲?#?뺤뒓??븳??#?뺤뒓???遺곸닚?곕궓鍮꾩쭛 #?뺤뒓??퀎??,['#?뺤뒓??", '#?뺤뒓??떊??, '#?뺤뒓???濡쒖닔湲?, '#?뺤뒓??븳??, '#?뺤뒓???遺곸닚?곕궓鍮꾩쭛'," '#?뺤뒓??퀎??]""",2021-01-25,0,源遺곸닚 ?곕궓鍮꾩쭛,,,,,,,,,,,,,,,,,,,,,,,,
1,"??????媛濡쒖닔湲몄뿉 ?꾩튂??源移섏컡媛??꾨Ц??#源遺곸닚?곕궓鍮꾩쭛??뗢?2002?꾩뿉 ?ㅽ뵂??媛寃뚯씠怨?媛濡쒖닔湲?珥덉엯???먮━?섍퀬 ?덉뿀?붾뜲,紐??????좎궗???덉そ 鍮뚮씪珥?洹쇱쿂濡??뺤옣 ?댁쟾???덉뒿?덈떎.??紐?醫뗭? ?먮━瑜??ш린?섍퀬 ?덉そ?쇰줈 ?ㅼ뼱?붾뒗?곕룄?ъ쟾???먮떂??留롮뒿?덈떎.?앹궗?쒓컙???⑥씠?낆? 湲곕낯?낅땲????Trip Advisor???뚭컻?섎㈃??以묎뎅, ?쇰낯 愿愿묎컼 ?먮떂?ㅺ퉴吏 李얜뒗 怨녹씠 ?섏뿀?댁슂.??뗭씠 吏묒쓣 泥섏쓬 諛⑸Ц??2005?? 2006?꾧렇?뚮쭔 ?대룄 媛濡쒖닔湲몄씠 吏湲?媛숈? 紐⑥뒿??媛뽰텛吏 ?딆븯?덈뒗???쒓컙??李?留롮씠 ?섎??ㅼ슂.??뗢???뗢???吏?源移섏컡媛쒕뒗 ?ъ떎 萸??ш쾶 ?밸퀎??留쏆? ?꾨떃?덈떎.洹몃윴??二쇨린?곸쑝濡???踰덉뵫 ?앷컖?섎뒗 洹몃윴 留ㅻ젰???덉뼱??^^??源移섏컡媛쒕뒗 紐⑹궡 源移섏컡媛쒖? 李몄튂源移섏컡媛???媛쒓? 以鍮꾨릺???덉뒿?덈떎.??ㅻ옒 ?숈꽦????源移섎? ?ъ슜?섏? ?딆븘??遺?댁뾾???쒖떎 ???덉뒿?덈떎.??뗮빐臾쇱닚?먮?, ?ㅺ묠 踰꾩꽢 ?쒕몢遺李뚭컻, ?곕쟻???쒖옣李뚭컻, ?⑺깭 李뚭컻? 媛숈? 硫붾돱?ㅻ룄 以鍮꾨릺???덉뒿?덈떎.洹몃윴??源移섏컡媛?留먭퀬???ㅻⅨ 李뚭컻瑜?癒뱀뼱蹂?湲곗뼲???녿꽕???롢뀕??뗢??ъ씠?쒕줈 怨꾨?留먯씠, 硫붾??꾨퀝, ?⑺깭援ъ씠, 珥덈? ?앸같湲고깢???덉뒿?덈떎.???媛?대뜲?쒕뒗 珥덈??앸같湲고깢 異붿쿇?쒕┰?덈떎.?좎튂?뚯씠 ?≫넚 ?뱁엳??留쏆씠 愿쒖갖?듬땲????섎㉧吏 ?ъ씠?쒕뒗 洹몃깷 ?됰쾾?댁슂.??뗢???쒖슱?먯꽌 源移섏컡媛쒕줈 ?좊챸??吏묒쓣 ?뚭컻?쒕━?먮㈃??二쇨탳??#?二쇱젙?꾪솕??#援대떎由ъ떇?뱀떊臾몃줈1媛 #愿묓솕臾몄쭛?쒖냼臾몃룞 #?ν샇?뺢낢李쎌꽍珥뚮룞 #?ㅻえ由ъ컡媛쒖껌?대룞 #?λ룆?源移섏컡媛쒋??뗭씠 ?뺣룄媛 媛???대쫫???덈뒗 怨노뱾???꾨땺源??⑸땲????뗢??뗢??뗢???硫由?紐?媛?쒕뒗 遺꾨뱾???꾪빐 ?숇꽕 洹쇱쿂 源移섏컡媛?吏묐뱾???뚭컻 ?쒕┰?덈떎.??뗢?遺?붾룞 ?ㅻ줈吏源移섏컡媛쒖옱??遺곸큿源移섏옱?몄궗??#媛꾪뙋?녿뒗源移섏컡媛쒖＜援먮룞 #蹂닿굔?μ쓣吏濡?媛 ?듬뤌吏吏묒씤?꾨룞 ?쇱옣湲덉???李몄댅??텋?뺤깮怨좉린???#?쒓낏?쇱?珥뚮떎???쒖슱怨좉린吏묐챸??#怨⑤ぉ吏묓쉶?꾨룞 #?뚰쁽吏묒빟?섎룞 湲덈뤌吏?앸떦?댄깭?먮룞 ?섎━??吏묒꽌援먮룞 ?밸떖?섏꽌援먮룞 ?泥?쭏猷④?移섏컡媛쒖쟾臾몄옞?ㅻ낯??#?뺤갹泥쒕룞 ??뭾李쎌쿇??泥좎씠?ㅻ몢猷⑥튂湲곕??꾨룞 怨좊깋吏?됱쿇??#?쒖삦吏묐Ц?섎룞 ?뚮Ц?쒖떇?밸떦?곕룞 ?고깂遺덈??λ룞 援곗옄?ㅼ쁺?깊룷???ㅻ퉬?앸떦怨듬뜒??留덊룷?섎；媛?⑥쁺???⑥쁺?덉썝?⑤줈2媛 誘몄냼?앸떦遊됱쿇??諛깆콈遊됱쿇???쇰갚洹몃엺?щ떦??諛곕??μ컡媛쒗쓳?앸룞 ?댁쿇?諛κ뎄濡쒕룞 ?쒖쁺?앸떦援щ줈???낅걹?뉗궡?숈꽑???덉븫?숈컡媛쒕낯?먯긽怨꾨룞 ?덊뼢?뺣У??#??븘由ш?移섏컡媛쒖쨷?붾룞 ?댄솕源移섏컡媛?#?꾪쁽?숈쓽?댄솕源移섏컡媛쒖긽遊됰룞 ?먯“紐낅룞李뚭컻留덉쓣泥?떞??#?꾨??뺤쑁?앸떦泥?떞???덈꼍吏묒옞?먮룞 ?꾨옉?λ슌猿묐끉?꾨룞 蹂듭꽦留쏆쭛?쇱꽦??源?덉씠?쇳쁽???먯“?뚭툑援ъ씠??궪???쏄낏 #?쏄낏苑곸튂源移섏컡媛쒖뿭?쇰룞 ??낆옣?쒖큹??#?κ섕諛⑸?移섎룞 ?덉옄?ㅻ갈?곴킅?λ룞 ?쏆쭛 #愿묒옣?숈삗吏묒쿇?몃룞 紐낅룞李뚭컻留덉쓣?붿궗???λ룆?묐뤌吏?됰떦???μ뼱援ъ씠 #?뺤떗由ъ옣?닿뎄?댁슜?듬룞 ?듬뤌吏?먮（移섍린&源移섏컡媛쒖꽦?섎룞 ?깆씪?뺤쑁?먥???","['#源遺곸닚?곕궓鍮꾩쭛?\u200b?2002?꾩뿉', '#?二쇱젙?꾪솕??, '#援대떎由ъ떇?뱀떊臾몃줈1媛', '#愿묓솕臾몄쭛?쒖냼臾몃룞', '#?ν샇?뺢낢李쎌꽍珥뚮룞', '#?ㅻえ由ъ컡媛쒖껌?대룞', '#?λ룆?源移섏컡媛쒋?\u200b??, '#媛꾪뙋?녿뒗源移섏컡媛쒖＜援먮룞', '#蹂닿굔?μ쓣吏濡?媛', '#?쒓낏?쇱?珥뚮떎??, '#怨⑤ぉ吏묓쉶?꾨룞', '#?뚰쁽吏묒빟?섎룞', '#?뺤갹泥쒕룞', '#?쒖삦吏묐Ц?섎룞', '#??븘由ш?移섏컡媛쒖쨷?붾룞', '#?꾪쁽?숈쓽?댄솕源移섏컡媛쒖긽遊됰룞', '#?꾨??뺤쑁?앸떦泥?떞??, '#?쏄낏苑곸튂源移섏컡媛쒖뿭?쇰룞', '#?κ섕諛⑸?移섎룞', '#愿묒옣?숈삗吏묒쿇?몃룞', '#?뺤떗由ъ옣?닿뎄?댁슜?듬룞']",2020-02-17,0,源遺곸닚 ?곕궓鍮꾩쭛,,,,,,,,,,,,,,,,,,,,,,,,,,,,
2,".?닿? ?먮옒 ?ㅺ묠瑜??レ뼱?댁꽌 ?쁾?〓궡 ?먮굦 留??됯?: 狩먥춴狩먥쁿?녿궡 ?먮굦 媛寃? 狩먥춴狩먥춴?녿궡 ?먮굦 吏곸썝移쒖젅: 狩먥춴狩먥춴?녿떎??癒뱀쑝??媛??섑뼢? 狩뺛뀫二쇱냼: ?쒖슱 媛뺣궓援??뺢뎄?뺣줈2湲?15 ?좎궗?꾩씠鍮뚣뀫#?쒖슱 #?쇱긽 #?쇱긽?ㅽ?洹몃옩 #?곗씪由?#?곗씪由ш렇??#癒밸갑 #癒밸갑?ㅽ?洹몃옩 #留쏆엳??#留쏆엳?ㅺ렇??#留쏆쭛 #留쏆쭛洹몃옩 #癒뱀뒪? #癒뱀뒪?洹몃옩 #?ы뻾 #由щ럭?섎뒗?ъ옄 #媛쒖랬#媛뺣궓 #?좎궗??#源遺곸닚?곕궓鍮꾩쭛 #?쒖떇 #諛?#癒뱀옄#?좏뙏 #留욏뙏 #?붾줈??#?몄튇 #?뚰넻 #醫뗫컲 #醫뗭븘??""['#?쒖슱'", '#?쇱긽', '#?쇱긽?ㅽ?洹몃옩', '#?곗씪由?, '#?곗씪由ш렇??, '#癒밸갑', '#癒밸갑?ㅽ?洹몃옩', '#留쏆엳??, '#留쏆엳?ㅺ렇??, '#留쏆쭛', '#留쏆쭛洹몃옩', '#癒뱀뒪?', '#癒뱀뒪?洹몃옩', '#?ы뻾', '#由щ럭?섎뒗?ъ옄', '#媛쒖랬', '#媛뺣궓', '#?좎궗??, '#源遺곸닚?곕궓鍮꾩쭛', '#?쒖떇', '#諛?, '#癒뱀옄', '#?좏뙏', '#留욏뙏', '#?붾줈??, '#?몄튇', '#?뚰넻', '#醫뗫컲'," '#醫뗭븘??]""",2021-06-02,0,源遺곸닚 ?곕궓鍮꾩쭛,
3,?뺢뎄??源遺곸닚?곕궓鍮꾩쭛?먯꽌 紐⑹궡?щ퓤源移섏컡寃? 珥덈??앸같湲고깢 癒밴뎄?볦뼱?뷃윑? 紐⑹궡?щ퓤源移섏컡寃뚮뒗 源쒕묀?딄퀬 癒밸떎媛 李띿뾿?ㅼ슂?쒌뀥 ?쇱?怨좉린???щ퓤?ㅼ뼱?뉗뼱????긽 諛μ씠 紐⑥옄?쇰뒗吏묖윉??섏씠??李뚭쾶?섎굹?쒗궎怨?珥덈??앸같湲고깢?대옉 癒뱀쓬 ?깅쭪?꾩슂 源移섏컡寃뚮뒗 吏?ぜ由꾪븳??遺?쒕윭??珥덈??뺤씠??媛숈씠 癒뱀쓬?몟?몟洹몃━怨??섏튇?덊븳 ?④낏吏묒엯?덈떦...#源遺곸닚?곕궓鍮꾩쭛 #源移섏컡寃?#?뺢뎄?뺣쭧吏?#?쇱긽 #?뚰넻 #癒뱀뒪? #癒뱀뒪?洹몃옩?뜶 #癒밸갑?ㅽ?洹몃옩 #留쏆뒪? #留쏆뒪?洹몃옩 #留쏆쭛?ㅽ?洹몃옩 #?몄튇 #醫뗭븘??#吏곸옣??#吏곸옣?몄뒪?洹몃옩 #留쏆엳??#???#醫뗫컲 #?섏쁺 #??ㅽ?洹몃옩 #food #foodstagram #jmt #議대쭧 #?곗씪由?#?좏뙏 #留욏뙏,"['#源遺곸닚?곕궓鍮꾩쭛', '#源移섏컡寃?, '#?뺢뎄?뺣쭧吏?, '#?쇱긽', '#?뚰넻', '#癒뱀뒪?', '#癒뱀뒪?洹몃옩?뜶', '#癒밸갑?ㅽ?洹몃옩', '#留쏆뒪?', '#留쏆뒪?洹몃옩', '#留쏆쭛?ㅽ?洹몃옩', '#?몄튇', '#醫뗭븘??, '#吏곸옣??, '#吏곸옣?몄뒪?洹몃옩', '#留쏆엳??, '#???, '#醫뗫컲', '#?섏쁺', '#??ㅽ?洹몃옩', '#food', '#foodstagram', '#jmt', '#議대쭧', '#?곗씪由?, '#?좏뙏', '#留욏뙏']",2019-09-05,0,?좎궗??源遺곸닚 ?곕궓鍮꾩쭛,,,,,,,,,,,,,,,,,,,,,,,,,,,,
4,"#留쏆엳?붾??앸뱾??떆 #誘용㉨ ?솆 #源遺곸닚?곕궓鍮꾩쭛 #源遺곸닚?곕궓鍮꾩쭛?좎궗蹂몄젏臾댁뒯 #源移섏컡媛?#珥덈??앸같湲고깢 #怨꾨?留먯씠媛 ?쇱? 留쏆엳?됶윑??뱁엳 ????#珥덈????諛뺤씠?ㅼ슂 ???#李⑥솗臾댁떆 ?먮굦?쇰줈 ?덉뿉 ?대Ъ?대옉 ?좎튂?뚯씠 ?숈룞?쇽툘 吏꾩쭨 ??留쏆엳?댁슂?삆?ъ????ㅻ럢蹂띠쓬 肄⑸굹臾쇰Т移??먮윭???щ씪???붵뀑?? 紐낆뿽梨꾨낭??諛섏갔 ?섎굹?섎굹 ?????쒗??숀윊숎윊?#珥덈뵫?낅쭧 痍⑦뼢?寃⑽윊?留쏆엳?붿젏??癒밴뎄 ?곕━ ?대쾲二쇰룄 ?붿씠?낇빐?뷃윑?吏??癒밸갑 #吏??留쏆쭛 #癒뱀뒪? #留쏆뒪? #癒밸갑 #留쏆엳?붾??앸뱾留쏆쭛 #?좎궗留쏆쭛 #?뺢뎄?뺣쭧吏?#媛뺣궓留쏆쭛 #媛濡쒖닔湲몃쭧吏?#源移섏컡媛쒕쭧吏?#怨꾨?留먯씠留쏆쭛 #諛섏갔留쏆쭛 #?ㅻ쭧?덈뒗吏?""['#留쏆엳?붾??앸뱾??떆'", '#誘용㉨', '#源遺곸닚?곕궓鍮꾩쭛', '#源遺곸닚?곕궓鍮꾩쭛?좎궗蹂몄젏臾댁뒯', '#源移섏컡媛?, '#珥덈??앸같湲고깢', '#怨꾨?留먯씠媛', '#珥덈???, '#李⑥솗臾댁떆', '#珥덈뵫?낅쭧', '#留쏆엳?붿젏??, '#吏??癒밸갑', '#吏??留쏆쭛', '#癒뱀뒪?', '#留쏆뒪?', '#癒밸갑', '#留쏆엳?붾??앸뱾留쏆쭛', '#?좎궗留쏆쭛', '#?뺢뎄?뺣쭧吏?, '#媛뺣궓留쏆쭛', '#媛濡쒖닔湲몃쭧吏?, '#源移섏컡媛쒕쭧吏?, '#怨꾨?留먯씠留쏆쭛', '#諛섏갔留쏆쭛'," '#?ㅻ쭧?덈뒗吏?]""",2021-10-18,0,源遺곸닚 ?곕궓鍮꾩쭛,,,,,
5,"....?ζ쑍??킈穩녻뀗?ⓩ캈?밭돥?ャ겒?됥겒?꾥풘?뺛겎?쀣걼竊덄쵏竊됪텤?ⓩ콟役곥걮?ゃ걣?됥걼?밤걼?덍윑귨펷寧묕펹....#idol #kawaii #cute #japan #pimms #code #hair #makeup #yummy #korea #lunch #trip #?볟쎖?낁죱 #?낁죱 #?볟쎖 #?롦킒 #?긷ㄷ? #榮붻콊??#?ζ쑍 #?쒓뎅 #紐낅룞 #源遺곸닚?곕궓鍮꾩쭛 ?곕궓鍮꾩쭛 #?ャ꺆?밤궘??#繇잆깇??""['#idol'", '#kawaii', '#cute', '#japan', '#pimms', '#code', '#hair', '#makeup', '#yummy', '#korea', '#lunch', '#trip', '#?볟쎖?낁죱', '#?낁죱', '#?볟쎖', '#?롦킒', '#?긷ㄷ?', '#榮붻콊??, '#?ζ쑍', '#?쒓뎅', '#紐낅룞', '#源遺곸닚?곕궓鍮꾩쭛', '#?ャ꺆?밤궘??," '#繇잆깇??]""",2019-11-01,0,?ャ꺆?밤궘??,,,,,,
6,"?ζ쑍??걡閭ｆ쐢?졼꺖?됥겎?쇻걣?곲윋?썬겘?꾠걼?ｃ겍??싥겒?γ끹겎??寧?餓듿썮??걡?쇻걲?곥걫繇?콏?뺛굯?믥뉩餓뗰펯?룔꺍?듐겓?귙굥??깲?곥긽?꿔겗?듿틭??源遺곸닚?곕궓鍮꾩쭛?띲걡?꿔겏?듽걬?얇굚OK竊곥궖??궧??꺂??쐣?띲긽?꿨틭?㎯걲?▲걡?쇈겘烏뚦닓?뚦눣?γ굥?띶틭?←쭅?뚩죱?ｃ걼?귙겘佯쀥냵??겭?ⓦ굯?⒲걣?볟쎖雅뷩겗?밤겎?쀣걼?▼쑑?껅컩?ユ꽋?뺛굦?뗩뼋?뺛걚?ゃ걮??뫑?▲걡?뗣걳?뚣걡?욍굤?ょ뵳?㎫풆?녈걮?뗣겂?잆겎?쇻걮?곮풘?쇻걥?ゃ걚獰롥뫑?쀣걚??깲?곥긽?꿔겎?쀣걼?▲겲?잒죱?띲걼?꾟솪?삣틭?쀨㈂榮겻퐦?竊싥궫?╉꺂?밧닪躍?黎잌뜔???경쿃域?522(?쒖슱?밸퀎??媛뺣궓援??좎궗??522)?뜻??귡뼋竊싨쐢節욇뇫??0竊?0節?3竊?0?곩쐿??0竊?0節?2竊?0(?⒲궧?덀궕?쇈??쇈겘?됧틭30?녶뎺?얇겎)?삥뿥?쒏뿥?곫뿧閭ｆ쐢?사쭓鸚??곥깷?썬궚)??ｄ폂??폂?욍꺕#?볟쎖?낁죱 #?볟쎖烏뚣걤?잆걚 #?볟쎖也썬걤 #?쒓뎅?ы뻾 #?볟쎖?끻젿 #?볟쎖?숂릤 #?볟쎖?쇿? #?볟쎖?잍뉵 #?ゃ꺂?곥깵??#?겼ㄷ阿끺퓷 #?볟쎖也썬걤?や볶?①퉳?뚣굤?잆걚 #joahgirls #?ャ꺆?밤궘??#?경쿃 #?볟쎖也썬걤?や볶?ⓧ뺘??걦?ゃ굤?잆걚 #?볟쎖也녑춴??#??깲?곥긽??#紐⑹궡源移섏컡媛?""['#源遺곸닚?곕궓鍮꾩쭛?띲걡?꿔겏?듽걬?얇굚OK竊곥궖??궧??꺂??쐣?띲긽?꿨틭?㎯걲?▲걡?쇈겘烏뚦닓?뚦눣?γ굥?띶틭?←쭅?뚩죱?ｃ걼?귙겘佯쀥냵??겭?ⓦ굯?⒲걣?볟쎖雅뷩겗?밤겎?쀣걼?▼쑑?껅컩?ユ꽋?뺛굦?뗩뼋?뺛걚?ゃ걮??뫑?▲걡?뗣걳?뚣걡?욍굤?ょ뵳?㎫풆?녈걮?뗣겂?잆겎?쇻걮?곮풘?쇻걥?ゃ걚獰롥뫑?쀣걚??깲?곥긽?꿔겎?쀣걼?▲겲?잒죱?띲걼?꾟솪?삣틭?쀨㈂榮겻퐦?竊싥궫?╉꺂?밧닪躍?", '#?볟쎖?낁죱', '#?볟쎖烏뚣걤?잆걚', '#?볟쎖也썬걤', '#?쒓뎅?ы뻾', '#?볟쎖?끻젿', '#?볟쎖?숂릤', '#?볟쎖?쇿?', '#?볟쎖?잍뉵', '#?ゃ꺂?곥깵??, '#?겼ㄷ阿끺퓷', '#?볟쎖也썬걤?や볶?①퉳?뚣굤?잆걚', '#joahgirls', '#?ャ꺆?밤궘??, '#?경쿃', '#?볟쎖也썬걤?や볶?ⓧ뺘??걦?ゃ굤?잆걚', '#?볟쎖也녑춴??, '#??깲?곥긽??," '#紐⑹궡源移섏컡媛?]""",2018-01-02,0,,,,,,,,,,,,
7,"-媛뺣궓? 李?醫곷떎. ??3李⑤줈 媛?#寃잛삱?쇱엲 諛붾줈 ???뚯씠釉붿뿉???곗뿰??留덉＜移??꾨뒗 ?뚯궗 ??쒕떂? 踰뚯뜥 ?좏뙋 踰뚯씠怨?怨꾩뀲怨?.(???ъ옄誘명똿???ш린??.??뮚).?ㅼ?... 媛숈씠 媛??곕━ ?댁궗?섏씠 ? 履???쒕떂怨?釉붾줉泥댁씤 蹂댁븞?붾（???ъ옄誘명똿???ㅻ뒛 ?≫??덉뿀?붾뜲..?뱀씪 ???異쒖옣???묎퀎濡??곕떎怨?誘명똿 痍⑥냼 ???ㅼ떊嫄곗??뚣뀕?롢뀕?ㅼ뿉???대쫫??遺瑜대뒗 ?쒓컙 ?깃낏???쒕뒛?섏??ㅺ퀬 ?쒕떎.?ㄳ?ㄳ#?먯닔?쇨퉴_?몄뿰?쇨퉴.?곕━?쇰━ ?명븯寃???ㅺ퀬 ?덈뒗??蹂몄쓽?꾨땲寃??⑹꽍???섍쾶?섏뼱 ?쇨낀?덉?留???諛쒕쿋??2蹂묒뿉 ?⑦듃濡?1蹂? 湲?뚮え?뚯? 2蹂? #?뷀럹瑜대눦 1蹂??좉컪? 援녹뿀???쁺?띃?띃??留덉뀲?듬땲?? (?댁젣 留덉＜移섏쭊 留먯븘?뷃윑?...#遺덉닔 ???꾨땶??. ????댄꽣瑜?李얠븘..#寃잛삱?쇱엲泥?떞 #泥?떞??#?뺥썑?좎깮 #易붾?媛덈퉬?源 #硫섎낫??源遺곸닚?곕궓鍮꾩쭛 #?ㅽ넻??,['#寃잛삱?쇱엲'", '#?먯닔?쇨퉴_?몄뿰?쇨퉴.?곕━?쇰━', '#諛쒕쿋??, '#?뷀럹瑜대눦', '#遺덉닔', '#寃잛삱?쇱엲泥?떞', '#泥?떞??, '#?뺥썑?좎깮', '#易붾?媛덈퉬?源', '#硫섎낫??, '#源遺곸닚?곕궓鍮꾩쭛'," '#?ㅽ넻??]""",2018-09-20,0,South Korea,,,,,,,,,,,,,,,,,,
8,若됧츣?ｏ툘?ｏ툘?ｏ툘??깲?곥긽?꿔겘?쀣굟?ｃ겚?곥곫돈饒?궧?녈깋?γ깣??뵖?욍걗?딊윣ㅴ퍓?욁굚獰롥뫑?쀣걢?ｃ걼??.#源遺곸닚?곕궓鍮꾩쭛 #??깲?곥긽??#?ャ꺆?밤궘??#媛濡쒖닔湲?#?경쿃域?#?좎궗??#korea #seoul #?쒖슱 #?눖?눟 #gurorinakorea?눖?눟,"['#源遺곸닚?곕궓鍮꾩쭛', '#??깲?곥긽??, '#?ャ꺆?밤궘??, '#媛濡쒖닔湲?, '#?경쿃域?, '#?좎궗??, '#korea', '#seoul', '#?쒖슱', '#?눖?눟', '#gurorinakorea?눖?눟']",2019-09-22,0,源遺곸닚 ?곕궓鍮꾩쭛,,,,,,,,,,,,,,,,,,,,,,,,,,,,
9,?ㅻ뒛???먯떖 源遺곸닚 源移섏컡媛??먯떖?쒓컙 留욎떠??媛붾뜑????떆???먮떂?ㅼ씠 諛붽?諛붽?紐⑹궡源移섏컡媛쒖? 怨꾨?留먯씠...留먰빐萸먰빐..留먯씠 ?꾩슂?녿뒗 議고빀 諛??먭났湲??쒖궘?섎뒗 留쎼뀥??李멸퀬濡?李몄튂源移섏컡媛쒕룄 議대쭧?낅땲?⑽윥??쒖슱 #?쒖슱留쏆쭛 #?좎궗??#?좎궗?숇쭧吏?#源遺곸닚?곕궓鍮꾩쭛 #源移섏컡媛?#源移섏컡媛쒕쭧吏?#怨꾨?留먯씠 #癒뱀뒪?洹몃옩,"['#?쒖슱', '#?쒖슱留쏆쭛', '#?좎궗??, '#?좎궗?숇쭧吏?, '#源遺곸닚?곕궓鍮꾩쭛', '#源移섏컡媛?, '#源移섏컡媛쒕쭧吏?, '#怨꾨?留먯씠', '#癒뱀뒪?洹몃옩']",2021-10-15,0,,,,,,,,,,,,,,,,,,,,,,,,,,,,,
10,#源遺곸닚?곕궓鍮꾩쭛 媛濡쒖닔湲몄뿉??源移섏컡媛쒗븯硫??ш린..吏媛묒씠 媛踰쇱썱???ㅻТ?대븣 源移섏컡媛?怨꾨?李??쒖폒???뚯＜瑜?鍮꾩슦?섍납!! 洹몃젃?ㅺ퀬 ?꾩껌??留쏆쓣 ?먮옉?섎뒗嫄??꾨땲吏留??앷컖?섎뒗怨?18?꾩쓣 吏耳쒖솕?ㅻ뒗 ?먯껜媛 紐⑤뱺嫄?留먰빐二쇰뒗嫄?媛숈쓬(?먮━???대룞??誘몄슦???대젃寃??ㅻ옯?숈븞 ?댁떖?덊븷???덈룄濡??몃젰?댁빞寃좊떎..?몟留쏆엳寃??섎㉨?덉뒿?덈떎?솂?띯셽截륆윒뉍띯셽截?媛뺣궓 #?좎궗??#媛濡쒖닔湲?#源移섏컡媛?#怨꾨?留먯씠,"['#源遺곸닚?곕궓鍮꾩쭛', '#媛뺣궓', '#?좎궗??, '#媛濡쒖닔湲?, '#源移섏컡媛?, '#怨꾨?留먯씠']",2021-10-11,0,源遺곸닚 ?곕궓鍮꾩쭛,,,,,,,,,,,,,,,,,,,,,,,,,,,,
11,"#源遺곸닚?곕궓鍮꾩쭛 #源移섏컡媛?#留쏆쭛留?狩먲툘狩먲툘狩먲툘狩먲툘狩먲툘源移섏컡媛쒓? 臾대젮 8000?먯씠?쇰땲?洹멸쾬??紐⑹궡??媛?앷??앺븯寃???젣媛 癒뱀뼱蹂?源移섏컡媛쒖쭛以묒뿉 ?먰깙?댁??댁슂吏꾩쭨濡?留쏆엳?듬땲?ㅼ젏?ъ떆媛꾩뿏 以꾩씠 醫 ?덇릿?섏?留뚯슂吏곸썝遺꾨뱾???덈Т 移쒖젅?섏꽭?뷀븯 .. ?곸쑝硫댁꽌 .. ??癒밴퀬?띕떦 ??.....#?쒖슱 #?쒖슱留쏆쭛 #媛뺣궓留쏆쭛 #媛濡쒖닔湲몃쭧吏?#媛濡쒖닔湲?#?뺢뎄?뺣줈?곗삤 #媛濡쒖닔湲명븳??#媛뺣궓?쒖떇 #媛濡쒖닔湲몄젏??#媛뺣궓?먯떖 #媛뺣궓議대쭧 #媛뺣궓癒밸갑 #媛濡쒖닔湲몃뜲?댄듃 #媛濡쒖닔湲몃쭧吏묒텛泥?""['#源遺곸닚?곕궓鍮꾩쭛'", '#源移섏컡媛?, '#留쏆쭛留?, '#?쒖슱', '#?쒖슱留쏆쭛', '#媛뺣궓留쏆쭛', '#媛濡쒖닔湲몃쭧吏?, '#媛濡쒖닔湲?, '#?뺢뎄?뺣줈?곗삤', '#媛濡쒖닔湲명븳??, '#媛뺣궓?쒖떇', '#媛濡쒖닔湲몄젏??, '#媛뺣궓?먯떖', '#媛뺣궓議대쭧', '#媛뺣궓癒밸갑', '#媛濡쒖닔湲몃뜲?댄듃'," '#媛濡쒖닔湲몃쭧吏묒텛泥?]""",2021-10-01,0,源遺곸닚 ?곕궓鍮꾩쭛,,,,,,,,,,,,,
12,"紐???遺덊?援щ쭔~~~ ??,,, ?뗣뀑?뗣뀑?뗣뀑?뗣뀑#?먯떖 #源遺곸닚?곕궓鍮꾩쭛 #紐⑹궡源移섏컡媛?,['#?먯떖'", '#源遺곸닚?곕궓鍮꾩쭛'," '#紐⑹궡源移섏컡媛?]""",2021-09-24,0,,,,,,,,,,,,,,,,,,,,,,,,,,,,
13,"6媛쒖썡留뚯뿉 ?꾨뒗?숈깮?대옉 李먰븯寃?源移섏컡媛쒖뿉 ?뚯＜~?μ벵?????쒕줈???꾪뵒怨?怨듦컧 ?뚯＜?쒖옍?쇰줈 ?щ옒蹂몃떎??源遺곸닚?곕궓鍮꾩쭛 #紐⑹궡源移섏컡媛?#?좎궗?숇쭧吏?#媛濡쒖닔湲몃쭧吏?""['#源遺곸닚?곕궓鍮꾩쭛'", '#紐⑹궡源移섏컡媛?, '#?좎궗?숇쭧吏?," '#媛濡쒖닔湲몃쭧吏?]""",2021-09-11,0,源遺곸닚 ?곕궓鍮꾩쭛,,,,,,,,,,,,,,,,,,,,,,,,,,
14,源遺곸닚?곕궓鍮꾩쭛?먯떖?쒓컙 吏?섎룄 諛붿걶怨녹씠?먯슂.?좎궗??뿉 ?덉쓣?뚮?????긽 諛붿걶怨녹젙諭낆뿉泥섎읆 李뚭컻???졻╈샋截?源遺곸닚?곕궓鍮꾩쭛 #?곕궓鍮꾩쭛 #李뚭컻 #李뚭컻留쏆쭛#?먯떖硫붾돱 #諛섏＜#媛濡쒖닔湲몃쭧吏?#?좎궗留쏆쭛 #留쏆뒪?洹몃옩 #癒뱀뒪?洹몃옩,"['#源遺곸닚?곕궓鍮꾩쭛', '#?곕궓鍮꾩쭛', '#李뚭컻', '#李뚭컻留쏆쭛', '#?먯떖硫붾돱', '#諛섏＜', '#媛濡쒖닔湲몃쭧吏?, '#?좎궗留쏆쭛', '#留쏆뒪?洹몃옩', '#癒뱀뒪?洹몃옩']",2021-09-09,0,源遺곸닚 ?곕궓鍮꾩쭛,,,,,,,,,,,,,,,,,,,,,,,,,,,,
15,癒뱀쑝??留덉떆???먯쟾嫄고?怨?媛濡쒖닔湲?媛????jpge#源遺곸닚?곕궓鍮꾩쭛 #?뚯씪?ъ빱??#?쒓컯?쇱씠??with @briko_kor,"['#源遺곸닚?곕궓鍮꾩쭛', '#?뚯씪?ъ빱??, '#?쒓컯?쇱씠??]",2021-09-09,0,,,,,,,,,,,,,,,,,,,,,,,,,,,,,
16,"?됣뀿?メ꼮??#??듄넽?뉌뀸?ⓤ꼮??넫?뤳뀽?メ꼥?■넽?뉌뀿?뚡뀿?멜꼺?■넫?꺻뀫??꼱???믟뀫?メ꼪?α넫?뗡뀽???곢뀳???뗡뀳?귗뀽????듄넽?롟뀿?띮뀿????녲뀫?뷘꼳?듄넾??듄넽?뉌뀸?ⓤ꼮??넫?뤳뀽?メ꼥?■넽?뉌뀿?뚡뀿?멜꼱?녁넫 ?뗡뀶???넧 ?먤뀸?뗡뀯??■꼱?듄꼦???롟뀬?ⓤ꼳?■꼱?╇꼦???됣뀳??㏇꼦?п녃?뗡뀯?삔????녲뀫?뷘꼱?듄녃?귗뀽?メ꼥?㎭꼮?α넧?꺻뀽????■??뗡뀽??TV ?묃뀽?끷뀳??녁꼨?㏇넽?뗡뀰?꺻뀳 ?뚡뀫?뚡뀸 ?됣뀳??㏇꼦?п넰?녲뀫?メ꼷?녁넽 ?뗡뀼?녲뀱?솽꼺?■넫 ?뚡뀿?멜꼱?듄넾?귗뀿?꺻뀫?뤳뀳?끷뀳?귗뀫 ?뚡뀯?メ꼱?╇꼥?녁넫 ?뗡뀶???넧?뗡뀿?メ꼦???녲뀫??꼱???뗡뀴?삔꼱?α녃?귗뀽?メ꼦???뚡뀿??녁넽?뗡뀽????α꼱???뗡뀯?밞꼱?α꼱??윑뤳꼱?결꼱?듄꼸?듄녅 ?믟뀫?솽꼮?■녅 ?뗡뀿?삔????뗡뀳?믟뀸 3-4?됣뀿 ?됣뀫?뗡뀿 ?뗡뀬?녲뀬?믟뀫???됣뀿??■넫?뗡뀰 ??■꼮?듄꼥?녁넫??α넰 ?롟뀸?롟뀯????듄넽?롟뀿?띮뀿??㏇꼥?녁넫 ?녲뀳?ⓤ꼮?■넰,?롟뀫?료꼶???꺻뀸?뚡뀳?솽꼨???뗡뀿?삔꼥?녁넫?꺻뀰 ?녲뀸?뚡뀳??α넫 ?뚡뀯???녲뀳?ⓤ꼮?■넰?녲뀫???녲뀯?ⓤ꼮?녁넾?귗뀿?꺻뀫?녲뀫?뷘꼱???뚡뀿?メ꼵???뗡뀲?됣뀸??꼱?듄넾?귗뀿?꺻뀫.??ⓤ꼮?⒰넧?꺻뀽??꼱?α??■꼥?녁넫 ?녲뀫?됣뀯?솽꼱?닯꼩?■녂???넧?녲뀸??꼱???뚡뀿?メ꼺?■?????듄뇖?뗡뀯?뗡뀷?뚡뀯?ⓤ꼦?■녅?믟뀫???뤳뀫??꼷?■넰?믟뀫?료????꺻뀫?メ꼵?■넫?녲뀫?뷘??듄넽?롟뀿?띮뀿??㏇????꺻뀫 ??α??듄꼮????α??듄꼳??...?뗡뀿????뚡뀯??꼦???뗡뀫?귗뀿?뗡뀰?뗡뀷???넧?귗뀬?됣뀫???됣뀬?솽??⒰??듄꼱?????넧?귗뀬?됣뀫????⒰꼨?㏇녅?뚡뀿??듄넽?롟뀿?끷뀽???됣뀫?뗡뀷?솽꼺?㏇꼮???뗡뀿??꼪?■넫??듄넽?롟뀿?띮뀿??㏇꼨?■녅?뗡뀽???뚡뀳???꺻뀫??꼨?■꼱??꼺?め넧?됣뀿??꼺??????녲뀫?뷘꼱????듄뇖????꺻뀫??꼨?■꼱????⒰??듄꼦???뗡뀫?곢뀿?료꼱?α넿?뗡뀿 ?꺻뀽??꼱?α??■꼱?듄녃????꺻뀸?뉌뀸????뗡뀭?꺻뀽????α꼨?㎭꼮???꺻뀯 ?녲뀫?뷘꼱?듄녃?됣뀽?멜꼥?듄꼦?■??듄넽?롟뀿?띮뀿??㏇꼨?■녅 ?믟뀫?솽꼮?■녅 ??■??뗡뀿?됣뀿?뤳뀿?귗뀽????ⓤ꼨?■넫?녲뀫??꼱??!??녁꼥?ａ녅 ?꺻뀬?롟뀸???녲뀫?メ꼦?녁넫 ??녁꼨?α넫?녲뀫?뷘꼱?듄넫?꺻뀰 ?뗡뀽?료꼶?α녅 ?뉌뀸?꺻뀽?끷뀯?뗡뀹?됣뀯 ??듄넽?롟뀿?띮뀿??㏇꼨?■녅 ?녲뀯?ⓤ꼱?녁꼩?㎭넫 ?롟뀫??꼧?α넧???녅?믟뀫??!!?뷂툘?녲뀳?ⓤ꼮?■넰??듄넽?롟뀿?띮뀿???8,000?뗡뀹?モ쐱截뤳??ⓤ꼨?■넫?녲뀫??꼱??6,000?뗡뀹?モ?????뚡뀸?됣뀳:?됣뀯?뗡뀸????■녅?귗뀫?료????뗡뀫?멜???꼳?α녅?끷뀳2??듄넰 15 ?됣뀿?メ꼮?■꼱?■꼱?듄꼪?듄넰????#?녲뀯?ⓤ꼪?⒰??듄넽?뚡뀿","['#??듄넽?뉌뀸?ⓤ꼮??넫?뤳뀽?メ꼥?■넽?뉌뀿?뚡뀿?멜꼺?■넫?꺻뀫??꼱??, '#?녲뀯?ⓤ꼪?⒰??듄넽?뚡뀿']",2021-09-08,0,源遺곸닚 ?곕궓鍮꾩쭛,,,,,,,,,,,,,,,,,,,,,,,,,,,,
17,"Kim Buk soon Big Nambi House?뷂툘 623 m from ?쁊lairs Seoul?섾f you want to have a good Korean meal experience, there is no place like ?쁊im Buk Soon?셲 Big Pot House??The large pot where they boil jjigae is called ?쁍ambi??This restaurant sells one of the most representative Korean foods, kimchi jjigae.혻Kimchi jjigae is a dish with kimchi, broth, and other ingredients that are boiled together.You choose the ingredients you want such as tuna or pork, and a hot kimchi jjigae is prepared for you in a pot.The flavor is very strong and deep.It can be a little spicy, so the rolled omelette is a must-have.I emptied a bowl of rice in an instant.It was a nice, filling meal.?뷂툘 15 Apgujeong-ro 2-gil, Gangnam-gu,seoul, Korea?뷂툘 Open Hour: 10:20 - 22:00혻?뷂툘 Open: Monday to Saturday (Closed in Sunday)..#seoulmate #?쒖슱硫붿씠??KlairsSeoul #?대젅?댁뒪?쒖슱#源遺곸닚?곕궓鍮꾩쭛","['#seoulmate', '#?쒖슱硫붿씠??, '#KlairsSeoul', '#?대젅?댁뒪?쒖슱', '#源遺곸닚?곕궓鍮꾩쭛']",2021-08-23,0,源遺곸닚 ?곕궓鍮꾩쭛,,,,,,,,,,,,,,,,,,,,,,,,,,,,
18,"??源 : 源移섏컡媛쒕턿 : 遺곸뼱李뚭컻(?⑺깭李뚭컻)??: ?쒕몢遺李뚭컻?곕궓鍮꾩쭛 珥ъ쁺?렏?щ엺 ?꾩깉?섍퀬 吏꾩넄?????媛먮룞????듬땲?? 怨?罹먮퉬??釉뚮옖???덉떆???곸긽?쇰줈 留뚮굹逾숆쿋?듬땲??#?좎궗?숇쭧吏?媛濡쒖닔湲몃쭧吏?源遺곸닚?곕궓鍮꾩쭛 #源移섏컡媛쒕쭧吏?""['#?좎궗?숇쭧吏?", '#媛濡쒖닔湲몃쭧吏?, '#源遺곸닚?곕궓鍮꾩쭛'," '#源移섏컡媛쒕쭧吏?]""",2021-08-13,0,源遺곸닚 ?곕궓鍮꾩쭛,,,,,,,,,,,,,,,,,,,,,,,,,,
19,"#源遺곸닚?곕궓鍮꾩쭛_媛뺣궓援??좎궗?쇑좒윥™쁾?끸쁾??紐⑹궡源移섏컡媛?(0.8)珥덈??앸같湲고깢 (0.8)_?좎궗???꾩씠?ㅻ? ?댁쓣 洹?怨??좎궗??諛?媛濡쒖닔湲몄뿉 ?쒖떇???섎뒗 怨녹? ?щ윭 ?덉?留? 遺덇낵 紐??꾩쟾源뚯?留??섎뜑?쇰룄 源移섏컡媛쒕뒗 '?꾩씠??媛 理쒖젙?곸뿉 ?꾩튂?댁엳?덈떎. 二쇰떦?ㅼ쓽 ?깆?????꾩씠?ㅻ뒗 ?꾩돺寃뚮룄 ???댁긽 議댁옱?섏? ?딆?留? ??怨??먰븳 ?꾩씠??紐살??딆? 留쏆쓣 蹂댁뿬以?? ?쒖떇?먯꽌 李뚭컻瑜섎뒗 ??됱깮?곗뿉 留롮? ?곹뼢 諛쏅뒗?? ?뱁엳 源移섏컡媛쒕뒗 ?숈씪??鍮꾩쑉濡??щ즺? ?묐뀗???ы븯?덈떎怨??섎뜑?쇰룄, 1?몃텇?뺣룄???묎낵 ???μ뿉 紐뉗떗?몃텇???μ떆媛??볦뿬??寃껉낵??李⑥씠??援됱옣???щ떎. 媛꾪뙋 硫붾돱??源移섏컡媛쒕뒗 源移섍? ???듯옄?뺣룄濡?諛섎났?댁꽌 ?ㅻ옒 ?볦뿬???볦뿉, 臾듭쭅?섎㈃?쒕룄 ?쇳겙?④낵 ?쒗겮?⑥씠 諛몃윴?ㅼ엳寃??≫??몄엳?? ?멸났議곕?猷뚯쓽 ?먭만?먯꽌 ?꾩쟾??踰쀬뼱?섏엳吏?紐삵빐?? ???뺣룄??留쏆쓣 ?묓븯湲곕뒗 ?쎌? ?딅떎. 珥덈??앸같湲고깢? 媛寃⑸쭔?쇱씠??援됱옣???묒쑝濡??섏삤?붾뜲, ?ㅼ쭠???덉슦/?좎튂?뚯씠 ?욎뿬 ?앷컧??議고솕濡?퀬, 吏?“由꾪븳 ?≪닔媛 硫붿씤 諛섏갔?쇰줈???먯깋???녿뒗 ?뺣룄. _",['#源遺곸닚?곕궓鍮꾩쭛_媛뺣궓援?],2021-08-09,0,源遺곸닚 ?곕궓鍮꾩쭛,,,,,,,,,,,,,,,,,,,,,,,,,,,,
20,#源遺곸닚?곕궓鍮꾩쭛 #媛濡쒖닔湲몃쭧吏?#紐⑹궡源移섏컡媛?#怨꾨?留먯씠,"['#源遺곸닚?곕궓鍮꾩쭛', '#媛濡쒖닔湲몃쭧吏?, '#紐⑹궡源移섏컡媛?, '#怨꾨?留먯씠']",2021-08-04,0,源遺곸닚 ?곕궓鍮꾩쭛,,,,,,,,,,,,,,,,,,,,,,,,,,,,
21,源移섏컡媛쒓? 留쏆엳??媛濡쒖닔湲?#源遺곸닚?곕궓鍮꾩쭛. ?덉쟾??#留쏆엳?붾??앸뱾 ?먯꽌???뚭컻??源移섏컡媛?留쏆쭛! 紐⑹궡 源移섏컡媛쒖뿉 珥덈??앸같湲고깢?대㈃ 吏곸옣 ?앺솢???⑤퉬? 媛숈? ?먯떖?쒓컙???됰났?섍쾶 蹂대궪 ???덈떎. 理쒓렐?먮뒗 ?붿썙??紐산컮吏留?怨?媛湲?諛붾씪硫곧윥?媛濡쒖닔湲몃쭧吏?#媛濡쒖닔湲?#?뺢뎄??#?뺢뎄?뺣쭧吏?#?좎궗留쏆쭛 #?좎궗 #?좎궗??#源移섏컡媛?#留쏅뵲?쇱뾼?곕씪,"['#源遺곸닚?곕궓鍮꾩쭛.', '#留쏆엳?붾??앸뱾', '#媛濡쒖닔湲몃쭧吏?, '#媛濡쒖닔湲?, '#?뺢뎄??, '#?뺢뎄?뺣쭧吏?, '#?좎궗留쏆쭛', '#?좎궗', '#?좎궗??, '#源移섏컡媛?, '#留쏅뵲?쇱뾼?곕씪']",2021-07-29,0,源遺곸닚 ?곕궓鍮꾩쭛,,,,,,,,,,,,,,,,,,,,,,,,,,,,
22,"?쒗겮??臾듭?吏 源移섏컡媛쒓? 留ㅻ젰?곸씤 ?곕궓鍮꾩쭛?쒓뎅?몄씠?쇰㈃ ?????쒕쾲 ?댁긽 癒밸뒗 硫붾돱以??섎굹媛 源移섏컡媛쒓? ?꾨땺源?洹몃쭔??媛쒖씤留덈떎 ?ㅼ뼇??痍⑦뼢???湲곕룄 ??寃껋씠怨? 源뚮떎濡?린?????뚯떇 以??섎굹媛 源移섏컡媛?????源遺곸닚?곕궓鍮꾩쭛? 援?궡??怨좊옲吏 諛곗텛瑜????듯? ?쒗겮??臾듭?吏 源移섏컡媛쒕? ?댁뼱以???ㅻ뒛? 移쒓뎄??痍⑦뼢???곕씪 紐⑹궡源移섏컡媛쒕? ?쒖섟吏留? 李몄튂源移섏컡媛???떆 ?뚮?.?ㅻ뒛???좏깮??紐⑹궡 源移섏컡媛?援?Ъ ???잕????⑥옄留덉옄, ?쎄컙???쒗겮?섏?留??덈Т 媛蹂띿쭊 ?딆? 援?Ъ 留쏆씠 ?낅쭧???뗭슦怨? ???듭? 源移섏?留??밸뒗 ?앷컧???뚮???怨좊옲吏 諛곗텛媛 ?밸뒗 留쏆쓣 利먭쾪寃??댁＜硫댁꽌, ?먰댘??怨좉린媛 怨좎냼?섍쾶 ?ㅺ??⑤떎.萸먰븯???좎옟湲??대젮??硫붾돱.?먰븳, 源移섏컡媛쒖? ?명듃濡??쒗궎??珥덈? ?앸같湲??뺤? ?쇱?留됲븳 ?앸같湲곗뿉, ?≫넚 ?뱁엳??泥?뼱?뚭낵, ?몄쭚???ㅼ쭠?댁? ?덉슦 ?댁씠 ?ㅼ뼱?덈뒗 蹂꾨?. 源移섏컡媛?癒밸떎媛 ?댁쭩 臾쇰┫ ?뚯? 珥덈? ?앸같湲고깢 ???잕??쎌씠硫? 怨꾨??뱀쑀??怨좎냼??留쏆쑝濡??낅쭧??由ъ뀑 ?섏뼱, ?뚯떇??吏덈━吏 ?딄퀬 袁몄???癒뱀쓣 ???덈룄濡?洹???븷???≫넚???쒕떎.遺꾨챸 留쏆엳??源移섏컡媛쒕? 寃껋? 遺꾨챸?섎굹 ?닿납???꾪빐 ?좎궗??源뚯? 癒?嫄곕━瑜????댁쑀媛 ?덈뒗吏??遺덈챸.?섏?留??곗뿰???쇱옄 ?뱀? ?⑥옄 ?섏씠???좎궗??履쎌뿉 ??湲고쉶媛 ?덉쓣 ?? ?좎궗??洹쇱쿂?먯꽌 ?뚯궗瑜??ㅻ땲怨??덈떎硫? ?앹궗 ???쇰줈 ?좏깮?섍린濡쒕뒗 ?대쭔???좏깮吏媛 ?녿떎.#??쎌??섔윑놆윑놆윑녿ℓ???꾪솕踰덊샇 : 02-543-9024留ㅼ옣 二쇱냼 : ?쒖슱 媛뺣궓援??좎궗??522 ?좎궗?꾩씠鍮?1痢듭쁺???쒓컙 : ?됱씪 10:20 ??22:00 / ?좎슂??10:20 ??21:00 / ?쇱슂???대Т 二쇱감 ?좊Т : 二쇱감遺덇?珥앹킑 : ?쒗겮??臾듭?吏 源移섏컡媛쒓? ?앷컖????源遺곸닚?곕궓鍮꾩쭛 #?쇰갈#留쏆뒪?洹몃옩#foodstagram #foodporn #food#?щ늻留쏆쭛 #?щ늻留쏆쭛_?쒖슱 #?щ늻留쏆쭛_媛뺣궓援?#?щ늻留쏆쭛_媛濡쒖닔湲?#?щ늻留쏆쭛_?좎궗 #?щ늻留쏆쭛_?좎궗?숆?濡쒖닔湲?#?щ늻留쏆쭛_?좎궗???쒖슱留쏆쭛 #媛뺣궓援щ쭧吏?#媛濡쒖닔湲몃쭧吏?#?좎궗留쏆쭛 #?좎궗?숆?濡쒖닔湲몃쭧吏?#?좎궗??쭧吏?,['#??쎌??섔윑놆윑놆윑녿ℓ??", '#源遺곸닚?곕궓鍮꾩쭛', '#?쇰갈', '#留쏆뒪?洹몃옩', '#foodstagram', '#foodporn', '#food', '#?щ늻留쏆쭛', '#?щ늻留쏆쭛_?쒖슱', '#?щ늻留쏆쭛_媛뺣궓援?, '#?щ늻留쏆쭛_媛濡쒖닔湲?, '#?щ늻留쏆쭛_?좎궗', '#?щ늻留쏆쭛_?좎궗?숆?濡쒖닔湲?, '#?щ늻留쏆쭛_?좎궗??, '#?쒖슱留쏆쭛', '#媛뺣궓援щ쭧吏?, '#媛濡쒖닔湲몃쭧吏?, '#?좎궗留쏆쭛', '#?좎궗?숆?濡쒖닔湲몃쭧吏?," '#?좎궗??쭧吏?]""",2021-07-26,0,源遺곸닚 ?곕궓鍮꾩쭛,,,,,,,,,,
23,"#源遺곸닚?곕궓鍮꾩쭛 ...#?먯떖#?⑥씠?낆씠?쇰땲?몟 #紐⑹궡源移섏컡媛?#理쒖븷源移섏컡媛?#?먯떖留쏆쭛 #媛濡쒖닔湲몃쭧吏?""['#源遺곸닚?곕궓鍮꾩쭛'", '#?먯떖', '#?⑥씠?낆씠?쇰땲?몟', '#紐⑹궡源移섏컡媛?, '#理쒖븷源移섏컡媛?, '#?먯떖留쏆쭛'," '#媛濡쒖닔湲몃쭧吏?]""",2021-07-20,0,源遺곸닚 ?곕궓鍮꾩쭛,,,,,,,,,,,,,,,,,,,,,,,
24,"留쏆쭛 湲곕줉???몄뒪??쪜諛??먭렇由??앸뵳 媛?ν븳 留쏆쭛?좎씠 ?좎닠 留쏆쭛怨꾨?李??대쫫 萸먮뜑???뷀듉 留쏅궓?삄?ш린 媛?붽만???肄붿빞?쇨? 留덉뒪?щ룄 ?덉벐怨??ъ쭊李띿뼱?쒕┫源뚯슂? ?섍퀬 留먭구?댁꽌 吏쒖쬆?ъ쓬?삝#源遺곸닚?곕궓鍮꾩쭛 #媛濡쒖닔湲몃쭧吏?""['#源遺곸닚?곕궓鍮꾩쭛'"," '#媛濡쒖닔湲몃쭧吏?]""",2021-06-26,0,,,,,,,,,,,,,,,,,,,,,,,,,,,,,
25,"#?꾨쭏吏遺?媛뺣궓?먯꽌 ?좎궗媛??異붿뼲??珥덈??뺢낵 媛濡쒖닔湲몄쓣 諛⑸Ц?섍퀬 ?덈Т?덈Т 癒밴퀬?띕뜕 怨듭＜?↔퉴吏 ?먯뿉 ?ㅺ뎄 ?댁젣 吏묒쑝濡??삄??異붿뼲???섏퀜?섎뒗 ?좎궗?숆낵 ?뺢뎄??. 蹂?쒓납??留롪퀬 ?ъ쟾??怨노룄 留롫뱶?쇨뎄?? ?곕궓鍮꾩쭛? 10?꾨뮘?먮룄 怨꾩냽 ?덉뼱二쇱꽭???쒕컻 ?삄?移닿? ?덈Т ?댁깋???섏씠吏留?吏湲덉쓽 ?곕━???④꺼?볤린 ?ㄽ?뮎?덈땲??蹂닿퀬 ?띠뼱 ?쇰Ⅸ 吏묒뿉 媛怨좎떢???吏묒뿉媛湲??リ린????留덉쓬... ?쁻 ?덈Т ?됰났?섍퀬 ?뚯갸??20?쒓컙 ?앸궡援??뮉 ?댁젣 ?ㅼ떆 ?꾨쭏紐⑤뱶 ?쁿??#?덈땲?ㅼ븘湲곕떎猷?#源遺곸닚?곕궓鍮꾩쭛 #?뺢뎄?뺢났二쇳쓳?꾩옄?몄젅誘?#?좎궗?숇쭧吏?#媛濡쒖닔湲몃쭧吏?""['#?꾨쭏吏遺?", '#?덈땲?ㅼ븘湲곕떎猷?, '#源遺곸닚?곕궓鍮꾩쭛', '#?뺢뎄?뺢났二쇳쓳?꾩옄?몄젅誘?, '#?좎궗?숇쭧吏?," '#媛濡쒖닔湲몃쭧吏?]""",2021-06-26,0,媛뺣궓援??좎궗??,,,,,,,,,,,,,,,,,,,,,,,,
26,"留ㅼ씪 癒뱀뼱??吏덈━吏 ?딆? ?뚯떇??瑗쎌쑝?쇰㈃ ?ㅺ껸?닿낵 源移섏컡媛??먭컻瑜??먯떊?덇쾶 瑗쎌쓣 ???덈떎. ???좎? 源移섏컡媛쒓? ?덈Т?덈Т 癒밴퀬?띠뼱 ?좎궗??뿉 ?덈뒗 源遺곸닚?곕궓鍮꾩쭛??諛⑸Ц?덈떎.??떆???먯떖?쒓컙?댁뼱???щ엺?ㅼ씠 援됱옣??留롮븯?붾뜲 ?꾩뒳?꾩뒳?섍쾶 留덉?留?醫뚯꽍??李⑹꽍?덈떎.紐⑹궡源移섏컡媛? 李몄튂源移섏컡媛? 硫붾??꾨퀝, 怨꾨?留먯씠瑜?媛??쒓컻??二쇰Ц:-)(紐⑹씠 援됱옣??留먮씪???뚯퐳 蹂대━臾쇨퉴吏)5遺꾨룄 ?섏? ?딆븘 諛붾줈 ?묒??꾨퉬???좎삩?? ???꾪삎?곸씤 ?앸떦 源移섏컡媛쒖씤??紐⑹궡怨?李몄튂媛 ?ㅻⅨ ?앸떦??鍮꾪빐 留롮씠 ?ㅼ뼱?덇퀬 ?낆뿉 李⑹갑 ?щ씪遺숇뒗 ?쒓뎅?몄쓽 ?뚯슱?몃뱶:-)?쒖엯 癒밴퀬 諛붾줈""?ъ옣???댁쫰諛??섎굹 二쇱꽭??""?먮옒??李몄씠???꾨젅?щ? 留덉떆吏留? 異쒓렐???) ?댁빞?섍린???묒떖???댁쫰諛깅줈?쁾怨꾨?留먯씠???댁걯寃??몄삤? ?됱씠 ?앹슃???먭레?쒕떎. 耳李뱀뿉 李띿뼱癒밴퀬, 源移섏컡媛쒖뿉 李띿뼱癒뱀쑝硫?萸?吏깆씠吏?쁺硫붾??꾨퀝???섏걯吏???딆?留?洹몃━ ?뱀깋? ?놁뿀?? 洹몃옒???좎븞二쇰줈 留쏆엳寃?癒뱀뿀???ъ옣?섎룄 援됱옣??移쒖젅?섏떆怨??꾩＜ 留쏆엳???먯떖?댁뿀?? ??諛곕텋?ю윇뤘윇쏜윇뽰냼二쇰? ??癒뱀뿀?댁빞...#?좎궗??#?좎궗??쭧吏?#源遺곸닚?곕궓鍮꾩쭛 #紐⑹궡源移섏컡媛?#李몄튂源移섏컡媛?#硫붾??꾨퀝 #怨꾨?留먯씠 #?ъ떎紐⑤뱺?좎??ㅻ쭧?덈떎","['#?좎궗??, '#?좎궗??쭧吏?, '#源遺곸닚?곕궓鍮꾩쭛', '#紐⑹궡源移섏컡媛?, '#李몄튂源移섏컡媛?, '#硫붾??꾨퀝', '#怨꾨?留먯씠', '#?ъ떎紐⑤뱺?좎??ㅻ쭧?덈떎']",2021-06-12,0,源遺곸닚 ?곕궓鍮꾩쭛,,,,,,,,,,,,,,,,,,,,,,,,,,,,
27,#源遺곸닚?곕궓鍮꾩쭛#紐⑹궡源移섏컡媛?#源移섏컡媛??대Ъ?쒕몢遺李뚭컻 #?쒕몢遺李뚭컻 #?좎궗留쏆쭛 #?뺢뎄?뺣쭧吏?#留쏆엳?붾??앸뱾 #留쏆뒪?洹몃옩 #癒뱀뒪?洹몃옩 #?뚯떇?ㅽ?洹몃옩,"['#源遺곸닚?곕궓鍮꾩쭛', '#紐⑹궡源移섏컡媛?, '#源移섏컡媛?, '#?대Ъ?쒕몢遺李뚭컻', '#?쒕몢遺李뚭컻', '#?좎궗留쏆쭛', '#?뺢뎄?뺣쭧吏?, '#留쏆엳?붾??앸뱾', '#留쏆뒪?洹몃옩', '#癒뱀뒪?洹몃옩', '#?뚯떇?ㅽ?洹몃옩']",2021-06-11,0,源遺곸닚 ?곕궓鍮꾩쭛,,,,,,,,,,,,,,,,,,,,,,,,,,,,
28,".源移섏컡媛쒕뒗 ???노떎?▲뀫???먮굦 留??됯?: 狩먥춴狩먥춴狩먮궡 ?먮굦 媛寃? 狩먥춴狩먥춴狩먮궡 ?먮굦 吏곸썝移쒖젅: 狩먥춴狩먥춴?녿떎??癒뱀쑝??媛??섑뼢? 狩뺛뀫二쇱냼: ?쒖슱 媛뺣궓援??뺢뎄?뺣줈2湲?15 ?좎궗?꾩씠鍮뚣뀫#?쒖슱 #?쇱긽 #?쇱긽?ㅽ?洹몃옩 #?곗씪由?#?곗씪由ш렇??#癒밸갑 #癒밸갑?ㅽ?洹몃옩 #留쏆엳??#留쏆엳?ㅺ렇??#留쏆쭛 #留쏆쭛洹몃옩 #癒뱀뒪? #癒뱀뒪?洹몃옩 #?ы뻾 #由щ럭?섎뒗?ъ옄 #媛쒖랬#媛뺣궓 #?좎궗??#源遺곸닚?곕궓鍮꾩쭛 #?쒖떇 #諛?#癒뱀옄#?좏뙏 #留욏뙏 #?붾줈??#?몄튇 #?뚰넻 #醫뗫컲 #醫뗭븘??""['#?쒖슱'", '#?쇱긽', '#?쇱긽?ㅽ?洹몃옩', '#?곗씪由?, '#?곗씪由ш렇??, '#癒밸갑', '#癒밸갑?ㅽ?洹몃옩', '#留쏆엳??, '#留쏆엳?ㅺ렇??, '#留쏆쭛', '#留쏆쭛洹몃옩', '#癒뱀뒪?', '#癒뱀뒪?洹몃옩', '#?ы뻾', '#由щ럭?섎뒗?ъ옄', '#媛쒖랬', '#媛뺣궓', '#?좎궗??, '#源遺곸닚?곕궓鍮꾩쭛', '#?쒖떇', '#諛?, '#癒뱀옄', '#?좏뙏', '#留욏뙏', '#?붾줈??, '#?몄튇', '#?뚰넻', '#醫뗫컲'," '#醫뗭븘??]""",2021-06-04,0,源遺곸닚 ?곕궓鍮꾩쭛,
29,湲덉슂???먯떖?쒕뵒??癒뱀뼱遊ㅻ떎~~~~.#源遺곸닚?곕궓鍮꾩쭛 #李몄튂源移섏컡媛?#吏꾧뎅?대꽕,"['#源遺곸닚?곕궓鍮꾩쭛', '#李몄튂源移섏컡媛?, '#吏꾧뎅?대꽕']",2021-06-04,0,,,,,,,,,,,,,,,,,,,,,,,,,,,,,
30,".?? ?붽퀬?붽퀬 ?맯留덉떆履쇺솪?〓궡 ?먮굦 留??됯?: 狩먥춴狩먥춴狩먮궡 ?먮굦 媛寃? 狩먥춴狩먥춴狩먮궡 ?먮굦 吏곸썝移쒖젅: 狩먥춴狩먥춴?녿떎??癒뱀쑝??媛??섑뼢? 狩뺛뀫二쇱냼: ?쒖슱 媛뺣궓援??뺢뎄?뺣줈2湲?15 ?좎궗?꾩씠鍮뚣뀫#?쒖슱 #?쇱긽 #?쇱긽?ㅽ?洹몃옩 #?곗씪由?#?곗씪由ш렇??#癒밸갑 #癒밸갑?ㅽ?洹몃옩 #留쏆엳??#留쏆엳?ㅺ렇??#留쏆쭛 #留쏆쭛洹몃옩 #癒뱀뒪? #癒뱀뒪?洹몃옩 #?ы뻾 #由щ럭?섎뒗?ъ옄 #媛쒖랬#媛뺣궓 #?좎궗??#源遺곸닚?곕궓鍮꾩쭛 #?쒖떇 #諛?#癒뱀옄#?좏뙏 #留욏뙏 #?붾줈??#?몄튇 #?뚰넻 #醫뗫컲 #醫뗭븘??""['#?쒖슱'", '#?쇱긽', '#?쇱긽?ㅽ?洹몃옩', '#?곗씪由?, '#?곗씪由ш렇??, '#癒밸갑', '#癒밸갑?ㅽ?洹몃옩', '#留쏆엳??, '#留쏆엳?ㅺ렇??, '#留쏆쭛', '#留쏆쭛洹몃옩', '#癒뱀뒪?', '#癒뱀뒪?洹몃옩', '#?ы뻾', '#由щ럭?섎뒗?ъ옄', '#媛쒖랬', '#媛뺣궓', '#?좎궗??, '#源遺곸닚?곕궓鍮꾩쭛', '#?쒖떇', '#諛?, '#癒뱀옄', '#?좏뙏', '#留욏뙏', '#?붾줈??, '#?몄튇', '#?뚰넻', '#醫뗫컲'," '#醫뗭븘??]""",2021-06-03,0,源遺곸닚 ?곕궓鍮꾩쭛,
31,?ш린 諛μ쭛 洹ｐ윉?#?좎궗??#媛뺣궓 #源遺곸닚?곕궓鍮꾩쭛 #源移섏컡媛?#怨꾨?留먯씠 #硫붾??꾨퀝,"['#?좎궗??, '#媛뺣궓', '#源遺곸닚?곕궓鍮꾩쭛', '#源移섏컡媛?, '#怨꾨?留먯씠', '#硫붾??꾨퀝']",2021-05-29,0,源遺곸닚 ?곕궓鍮꾩쭛,,,,,,,,,,,,,,,,,,,,,,,,,,,,
32,#源遺곸닚?곕궓鍮꾩쭛?붽릿 ?닿? ?좎젙?섎뒗 留쏆쭛?ㅿ툘 ??諛μ쓣 ?꾩껌 醫뗭븘?섎뒗?곧윂??ш린 源移섏컡媛쒓? 吏꾩쭨 留쏆엳?? 怨좉린???쒓???! ?쒕떖???쒕쾲? ?앷컖?섏꽌 癒뱀쑝???ㅻ뒗怨?仙묕쉈??∽쉈?仙? ?ш린 珥덈??뺣룄 留쏆엳援?李몄튂源移섏컡媛쒗뙆? 紐⑹궡源移섏컡媛쒗뙆濡??섎돏?? ??紐⑹궡^^!!#?쒖슱 #?좎궗??쭑吏?#?⑷뎄癒밸갑,"['#源遺곸닚?곕궓鍮꾩쭛?붽릿', '#?쒖슱', '#?좎궗??쭑吏?, '#?⑷뎄癒밸갑']",2021-05-14,0,源遺곸닚 ?곕궓鍮꾩쭛,,,,,,,,,,,,,,,,,,,,,,,,,,,,
33,#?쒖슱 #?좎궗??#?좎궗??#?좎궗留쏆쭛 #?좎궗移댄럹 #?뱀삦 #?뱀삦移댄럹 #留먯감鍮숈닔 #?耳?댄겕紐⑥쓬 #?쇱긽 #移댄럹 #移댄럹?ъ뼱 #移댄럹?ㅽ?洹몃옩 #?ъ쭊 #?ъ쭊?ㅽ?洹몃옩 #?ы넗 #?ы넗?ㅽ?洹몃옩 #?붿???#?붿??몄뭅??#源遺곸닚?곕궓鍮꾩쭛 #紐⑹궡源移섏컡媛?#?앹궗 #?뚯떇 #?뚯떇?ㅽ?洹몃옩 #留쏆뒪? #癒뱀뒪? #留쏆뒪?洹몃옩 #food #daily #photo,"['#?쒖슱', '#?좎궗??, '#?좎궗??, '#?좎궗留쏆쭛', '#?좎궗移댄럹', '#?뱀삦', '#?뱀삦移댄럹', '#留먯감鍮숈닔', '#?耳?댄겕紐⑥쓬', '#?쇱긽', '#移댄럹', '#移댄럹?ъ뼱', '#移댄럹?ㅽ?洹몃옩', '#?ъ쭊', '#?ъ쭊?ㅽ?洹몃옩', '#?ы넗', '#?ы넗?ㅽ?洹몃옩', '#?붿???, '#?붿??몄뭅??, '#源遺곸닚?곕궓鍮꾩쭛', '#紐⑹궡源移섏컡媛?, '#?앹궗', '#?뚯떇', '#?뚯떇?ㅽ?洹몃옩', '#留쏆뒪?', '#癒뱀뒪?', '#留쏆뒪?洹몃옩', '#food', '#daily', '#photo']",2021-05-11,0,,,,,,,,,,,,,,,,,,,,,,,,,,,,,
34,?좎궗?숈컡媛쒕쭧吏묖윣?))源移섏컡媛쒕꽆留쏆엳?ㆀ윉띿떊?щ룞#?좎궗?숇쭧吏?#?좎궗?숆?濡쒖닔湲?#源移섏컡媛?#李뚭컻 #源移섏컡媛쒕쭧吏?#留쏆뒪?洹몃옩 #留쏆쭛#留쏆쭛異붿쿇 #留?留쏆쭛?ъ뼱 #留쏆뒪? #留쏆엳?ㅺ렇??#留쏆?#留쏆엳??#留쏆젏#留쏆엳??留쏆쭛?먮갑 #留쏅뵦?몄젙 #留쏆쭛洹몃옩#?붾━?ㅽ?洹몃옩 #?붾━#?붾━?섎뒗?ъ옄 #?붾━洹몃옩 #?붾━?섎뒗?⑥옄#?곕궓鍮꾩쭛 #源遺곸닚?곕궓鍮꾩쭛,"['#?좎궗?숇쭧吏?, '#?좎궗?숆?濡쒖닔湲?, '#源移섏컡媛?, '#李뚭컻', '#源移섏컡媛쒕쭧吏?, '#留쏆뒪?洹몃옩', '#留쏆쭛', '#留쏆쭛異붿쿇', '#留?, '#留쏆쭛?ъ뼱', '#留쏆뒪?', '#留쏆엳?ㅺ렇??, '#留쏆?', '#留쏆엳??, '#留쏆젏', '#留쏆엳??, '#留쏆쭛?먮갑', '#留쏅뵦?몄젙', '#留쏆쭛洹몃옩', '#?붾━?ㅽ?洹몃옩', '#?붾━', '#?붾━?섎뒗?ъ옄', '#?붾━洹몃옩', '#?붾━?섎뒗?⑥옄', '#?곕궓鍮꾩쭛', '#源遺곸닚?곕궓鍮꾩쭛']",2021-05-09,0,,,,,,,,,,,,,,,,,,,,,,,,,,,,,
35,源遺곸닚 ?곕궓鍮꾩쭛???덈퓧?곸씠 ?ㅼ씠???ш만 ?ъ쨪 ?롢뀕?롢뀕#源遺곸닚?곕궓鍮꾩쭛,['#源遺곸닚?곕궓鍮꾩쭛'],2021-05-08,0,"Seoul, South Korea - ?쒖슱",,,,,,,,,,,,,,,,,,,,,,,,,,,,
36,??깲?뽧긿?밤꺍 ??꺍?듽깲?볝긽??#源遺곸닚?곕궓鍮꾩쭛3?루퇉 ?경쿃蓼??ゅ눣??孃믤?8??['#源遺곸닚?곕궓鍮꾩쭛3?루퇉'],2020-04-25,,源遺곸닚 ?곕궓鍮꾩쭛,,,,,,,,,,,,,,,,,,,,,,,,,,,,,
37,"#源遺곸닚?곕궓鍮꾩쭛 ?쒖슱 媛뺣궓援??뺢뎄?뺣줈2湲?15?뺢뎄?? ?좎궗二쇰??먯꽌 ?쇰땲???뚯썙???섎뒗寃??깊엳 ?앷컖?섎뒗寃??녾굅???댁옣???꾩슂?좊븣 #?곷룞?ㅻ쟻??怨??④퍡 ?먯＜ ?ㅻ━寃뚮릺??諛μ쭛.#源移섏㎏媛?8泥쒖썝 #?쒕몢遺李뚭컻 8泥쒖썝?깊엳 ??⑦븯???좎닚 ?놁?留???렇 ?됰쾾?⑥쓽 以묐룆?깆씠 ?꾩＜ ?꾩＜ 媛뺥븳怨녹븘吏?泥댁씤?먯? ?섍퀬 ?덉? ?딆?留??앹궗?쒓컙?대㈃ 以꾩꽌 癒밸뒗 ?諛?留쏆쭛?몟?곷떦???듭? 源移섏뿉???섏삤??利먭굅???좊쭧! ?됰꼮?쒖뼇2???댁긽 諛⑸Ц?대㈃ ?좎깮媛??덈줈?섎뒗 #珥덈??앸뭡湲고깢 (8泥쒖썝)二쇰Ц ?꾩닔!#?좎궗???좎궗?숇쭧吏?留쏆쭛#媛濡쒖닔湲?癒뱀뒪?洹몃옩#?몃줈?섍만#?щ룄?먭?移섏컡媛??щ룄?먰빐???щ룄?먯닚?먮?#?щ룄?먯떊?щ룞#源移섏컡媛쒕쭧吏?,['#源遺곸닚?곕궓鍮꾩쭛'", '#?곷룞?ㅻ쟻??, '#源移섏㎏媛?, '#?쒕몢遺李뚭컻', '#珥덈??앸뭡湲고깢', '#?좎궗??, '#?좎궗?숇쭧吏?, '#留쏆쭛', '#媛濡쒖닔湲?, '#癒뱀뒪?洹몃옩', '#?몃줈?섍만', '#?щ룄?먭?移섏컡媛?, '#?щ룄?먰빐??, '#?щ룄?먯닚?먮?', '#?щ룄?먯떊?щ룞'," '#源移섏컡媛쒕쭧吏?]""",2021-05-08,0,源遺곸닚 ?곕궓鍮꾩쭛,,,,,,,,,,,,,,
38,諛??먭났湲??앸뵳#源遺곸닚?곕궓鍮꾩쭛 #?곕궓鍮꾩쭛 #源移섏컡媛?#?좎궗留쏆쭛 #?좎궗?숇쭧吏?#留쏆뒪?洹몃옩 #癒뱀뒪?洹몃옩,"['#源遺곸닚?곕궓鍮꾩쭛', '#?곕궓鍮꾩쭛', '#源移섏컡媛?, '#?좎궗留쏆쭛', '#?좎궗?숇쭧吏?, '#留쏆뒪?洹몃옩', '#癒뱀뒪?洹몃옩']",2021-05-03,0,,,,,,,,,,,,,,,,,,,,,,,,,,,,,
39,#?좎궗??#媛濡쒖닔湲?#源遺곸닚?곕궓鍮꾩쭛 #怨좊깋吏源移섏컡媛?#?쇰갈?섏젙??#?뷀븳二쇰쭚?먯떖2021.05.01,"['#?좎궗??, '#媛濡쒖닔湲?, '#源遺곸닚?곕궓鍮꾩쭛', '#怨좊깋吏源移섏컡媛?, '#?쇰갈?섏젙??, '#?뷀븳二쇰쭚?먯떖2021.05.01']",2021-05-01,0,,,,,,,,,,,,,,,,,,,,,,,,,,,,,
40,"?맫 : '?좎궗??吏곸옣?몄쓽 ?덇린瑜??щ옒二쇰뒗 ?묓뫜?⑤퉬 ??洹몃쫯'?좊궃??諛κ컪??鍮꾩떥 吏곸옣?몃뱾??吏媛묒쓣 ?덊깉 ?몄뼱媛???좎궗?숈뿉, ?뷀뙏 ?볥뒗 ?묓뫜 ?꾨퉬???닿릿 留ㅼ숴??李뚭컻媛 留덉쓬???щ옒二쇰뒗 ?ㅻ옒??諛μ쭛???덈떎. 源遺곸닚 ?곕궓鍮꾩쭛 ?좎궗蹂몄젏?대떎.?볤퀬 媛곸옟???뚯씠釉붿뿉 ???됱븘, 媛곸옄 ?먰븯??李뚭컻 ?뱀? ?앹꽑援ъ씠, 怨꾨?李??깆쓣 二쇰Ц?섎㈃ ?뷀뙏 ?볥뒗 ?꾨퉬 吏몃줈 ?깊꽦 ?볦븘以?? 留쏄퀬?섎뒗 紐⑹궡源移섏컡媛쒕? 二쇰Ц?덈떎. ?몄썡??媛?좏븯湲??대젮???뺣룄 洹몄쓣由??묓뫜 ?꾨퉬 ??蹂닿?蹂닿? ?볦뼱?ㅻⅤ??李뚭컻瑜??잕??쎌쑝濡??섑쐶 ???援?Ъ 癒쇱? ?몃줉 癒뱀뼱蹂몃떎.  留ㅼ숴?섍퀬 ?먭레?곸씤 留쏆씠 ? ?앸???媛???띻퉴吏 李뚮Ⅴ瑜??怨??대젮媛꾨떎.??뜦??뜦 ?쇱?留됲븯寃??곕┛ 紐⑹궡怨?源移섎? 嫄댁졇?댁뼱, ???諛??꾩뿉 ?뱀뼱 洹몃?濡????덉쑝濡?吏곹뻾?쒕떎. ?? ?④굅! ?몄튂硫댁꽌???꾪썑 遺덉뼱媛硫?瑗?서 ?뱀뼱 ?쇳궎硫??대쭔???좊뱺?섍쾶 諛?梨꾩슱 ???덈뒗 寃껊룄 ?녿떎 ?띕떎.?좎씠 ???섍퀬 鍮꾧? ?ㅻ뒗 ?? ?뱀? ??留덉쓬???좊궃???덊븳 ?? 蹂닿?蹂닿? ?볥뒗 李뚭컻???깆떦 諛???怨듦린 ?댁튂?곕㈃ 洹몃옒???쇳븷 ?섏씠 醫 ?좉굅??#留쏄퀬??留쏄퀬???쒖떇#源遺곸닚?곕궓鍮꾩쭛#紐⑹궡源移섏컡媛?,['#留쏄퀬??", '#留쏄퀬???쒖떇', '#源遺곸닚?곕궓鍮꾩쭛'," '#紐⑹궡源移섏컡媛?]""",2021-04-29,0,源遺곸닚 ?곕궓鍮꾩쭛,,,,,,,,,,,,,,,,,,,,,,,,,,
41,?뗣뀑?뗣뀑?뗣뀑 ??媛뺣궓源뚯? 媛??源移섏컡媛?癒밴퀬??洹쇰뜲 洹몃윺?댁쑀 ?덉뼱..留쏆엳??..#源遺곸닚?곕궓鍮꾩쭛源吏꾩닔 怨좉린??源移섎쭔 ?덉쑝硫?留뚯궗?ㅼ??댁빞....?댁젣 ?뚮㎘???몄꽌 ?κ린源뚯? ?좏뻽援?. ???쒕쾲?좊븣留덈떎 ?묒튂?섎뒗???꾩묠??洹?移섏빟留쏅븣留????щ씪?щ퍝?덇뎄.. 泥?＜???而ㅽ뵾???嫄?癒뱀쓬 ?롢뀕?곗씠???꾨떂^^ ?쒕깘硫?戮戮???덈뒗??猿댁븞吏??딆븯??.....,['#源遺곸닚?곕궓鍮꾩쭛源吏꾩닔'],2021-04-07,0,,,,,,,,,,,,,,,,,,,,,,,,,,,,,
42,#媛뺣궓 #諛⑸같??#?좎떎 #?쒖큹 #踰싰퐙 #?寃뚮굹??#?ㅽ뀒?댄겕 #遊뉙??쇱궛 #?꾩퓙?깆떖 #源遺곸닚?곕궓鍮꾩쭛 #bhc移섑궓 #援먯큿移섑궓 #濡?뜲由ъ븘 #?ㅻ쟻??#???#?묒＜ #?뚯＜ #3?쇨컙?섎㉨諛⑸걹?ㄳ,"['#媛뺣궓', '#諛⑸같??, '#?좎떎', '#?쒖큹', '#踰싰퐙', '#?寃뚮굹??, '#?ㅽ뀒?댄겕', '#遊뉙??쇱궛', '#?꾩퓙?깆떖', '#源遺곸닚?곕궓鍮꾩쭛', '#bhc移섑궓', '#援먯큿移섑궓', '#濡?뜲由ъ븘', '#?ㅻ쟻??, '#???, '#?묒＜', '#?뚯＜', '#3?쇨컙?섎㉨諛⑸걹?ㄳ']",2021-04-02,0,媛뺣궓,,,,,,,,,,,,,,,,,,,,,,,,,,,,
43,#?낃뎄??#?좎궗 #源遺곸닚?곕궓鍮꾩쭛 #紐⑹궡源移섏컡媛??????쇱쭅??#紐⑹궡 ??苑?留롮씠 ?ㅼ뼱媛?덇퀬 遺?쒕윭?뚯꽌 留쏆엳?덉뼱???롢뀕 嫄곌린??援?Ъ???곷떦??留ㅼ숴?댁꽌 諛μ뿉 ?μ뒫 鍮꾨꼈癒밴린 ?꾩쟾 ?깆씠?덉슂 ?? #?ㅺ묠踰꾩꽢?쒕몢遺李뚭컻 ?먮뒗 ?쒓? 醫뗭븘?섎뒗 寃껊뱾?????ㅼ뼱媛?덉뼱??! ?쒓? #?ㅺ묠 ??#踰꾩꽢 ???꾩껌 醫뗭븘?섍굅?좎슂 ?졼뀪 ?ㅺ묠媛 援ъ닔?섍퀬 踰꾩꽢?대옉 媛숈씠 癒뱀쑝硫??섍쾶 嫄닿컯??#吏묐갈 癒밸뒗 寃?媛숈븘 醫뗭븯?댁슂 ?㎕ ?ш린 ?꾩쟾 #諛μ쭛 ???뺤꽍?대엫源뚯슂 ..? 諛섏갔??移쒓렐?섍퀬 #媛寃???李⑺븯怨??덈Т 醫뗭븯?댁슂 ! 洹몃옒??洹몃윴吏 #?먯떖 ?먮뒗 #吏곸옣??遺꾨뱾??留롮씠 ?ㅼ뀛???⑥씠?낆씠 ?덈뜑?쇨뎄??!!! #?좎궗 ??留쏆엳??#?뚯떇?????덈Т 留롮?留?媛??#吏묐갈 ??洹몃━?몃븧 ?ш린 #異붿쿇 ?⑸땲???몟?뤋?뭿紐⑹궡源移섏컡媛?8.0?뭿?ㅺ묠踰꾩꽢?쒕몢遺李뚭컻 8.0,"['#?낃뎄??, '#?좎궗', '#源遺곸닚?곕궓鍮꾩쭛', '#紐⑹궡源移섏컡媛?, '#紐⑹궡', '#?ㅺ묠踰꾩꽢?쒕몢遺李뚭컻', '#?ㅺ묠', '#踰꾩꽢', '#吏묐갈', '#諛μ쭛', '#媛寃?, '#?먯떖', '#吏곸옣??, '#?좎궗', '#?뚯떇??, '#吏묐갈', '#異붿쿇']",2021-04-01,0,源遺곸닚 ?곕궓鍮꾩쭛,,,,,,,,,,,,,,,,,,,,,,,,,,,,
44,"..?좎궗??留쏆쭛肉뚯떆湲??덈ħ踰꾩? ?④퍡??源李뚯“吏湲곌?寃?醫뗪퀬 移쒖젅?섍퀬 留?二쎌씠怨?..1?몃텇??媛쒖씤?꾨퉬 ?⑥쐞濡??뚯떇???섏삩?? ???듭? ?ъ숴?덉숴?쒖㎛吏쒕＼??源移섏컡媛쒖뿉 ?쇱?怨좉린瑜??ｌ뼱?? 李몄튂瑜??ｌ뼱??議대쭧?깆씠??源移섏컡媛쒖쓽 ?뺤꽍?대? ?먮굦???쒕뒗 ?쇱?源移섏컡媛? 洹몃━怨??대┫???꾨쭏媛 李몄튂 ?щ퓤?ｊ퀬 ?볦뿬二쇱떆??留쏆씠 ?좎삤瑜대뒗 李몄튂源移섏컡媛? 媛쒖씤?곸쑝濡?李몄튂媛 ??醫뗭븯?붾뜲, ?댁젏??????댁졇 嫄댁졇癒뱀쓣嫄??놁뼱??諛λ퉬踰쇰㉨湲곗뿏 泥닿퀬?쒕떎.異쒓렐湲몄뿉 吏곸젒留뚮뱶???꾩씠?ㅽ겕由쇱쑝濡??댁옣(?)源뚯??삇?삇#?좎궗??쭧吏?#源遺곸닚?곕궓鍮꾩쭛 #源移섏컡媛?#?쇱?源移섏컡媛?#李몄튂源移섏컡媛?#怨꾨?留먯씠 #硫붾??꾨퀝 #吏꾨줈?댁쫰諛?#移댁뒪 #?꾩씠?ㅽ겕由?#?좎궗?듦쾶","['#?좎궗??쭧吏?, '#源遺곸닚?곕궓鍮꾩쭛', '#源移섏컡媛?, '#?쇱?源移섏컡媛?, '#李몄튂源移섏컡媛?, '#怨꾨?留먯씠', '#硫붾??꾨퀝', '#吏꾨줈?댁쫰諛?, '#移댁뒪', '#?꾩씠?ㅽ겕由?, '#?좎궗?듦쾶']",2021-03-31,0,源遺곸닚 ?곕궓鍮꾩쭛,,,,,,,,,,,,,,,,,,,,,,,,,,,,
45,??湲곕낯??異⑹떎??源移섏컡媛?紐⑹궡??李몄튂??留쏆엳???삅,[],2021-03-27,0,源遺곸닚 ?곕궓鍮꾩쭛,,,,,,,,,,,,,,,,,,,,,,,,,,,,
46,?ы븯 醫뗫떎! 留쏆쭛?앺뀥 ?뗪퀎????쒕몢遺李뚭컻 怨꾨?留먯씠 ?좒윑뗫쭧?덈뒗 寃껊쭔 二꾨떎 紐⑥븘?볦쓬 ??#?좎궗?숇쭧吏?#源遺곸닚?곕궓鍮꾩쭛 #諛μ뒪? #留쏆뒪? #癒밸?由?#?좎궗?숇쭧吏묒텛泥?#?댁옣?먮뵳 #??궪?숇㉨源⑤퉬 #koreanfood #yum,"['#?좎궗?숇쭧吏?, '#源遺곸닚?곕궓鍮꾩쭛', '#諛μ뒪?', '#留쏆뒪?', '#癒밸?由?, '#?좎궗?숇쭧吏묒텛泥?, '#?댁옣?먮뵳', '#??궪?숇㉨源⑤퉬', '#koreanfood', '#yum']",2021-03-24,0,源遺곸닚 ?곕궓鍮꾩쭛,,,,,,,,,,,,,,,,,,,,,,,,,,,,
47,?먯떖? #源移섏컡媛?#?⑺깭援ъ씠 #紐⑹궡源移섏컡媛?#源遺곸닚?곕궓鍮꾩쭛,"['#源移섏컡媛?, '#?⑺깭援ъ씠', '#紐⑹궡源移섏컡媛?, '#源遺곸닚?곕궓鍮꾩쭛']",2021-03-17,0,源遺곸닚 ?곕궓鍮꾩쭛,,,,,,,,,,,,,,,,,,,,,,,,,,,,
48,???녲뀯?ⓤ꼮?긔꼦?⒰넫?귗뀫?꾞뀯?ⓤ꼪?⒰넩?뗡뀿 #??뫑掠?#??듄넽?뉌뀸?ⓤ꼮??넫?뤳뀽?メ꼥?■넽?뉌뀿?뚡뀿??#?됣뀬?녲뀫?뗡뀽??꼮?듄넧?꺻뀫???볟쎖?눖?눟?눖?눟?눖?눟,"['#?녲뀯?ⓤ꼮?긔꼦?⒰넫?귗뀫?꾞뀯?ⓤ꼪?⒰넩?뗡뀿', '#??뫑掠?, '#??듄넽?뉌뀸?ⓤ꼮??넫?뤳뀽?メ꼥?■넽?뉌뀿?뚡뀿??, '#?됣뀬?녲뀫?뗡뀽??꼮?듄넧?꺻뀫???볟쎖?눖?눟?눖?눟?눖?눟']",2021-02-12,0,,,,,,,,,,,,,,,,,,,,,,,,,,,,,
49,[ ??듄넽?뉌뀸?ⓤ꼮??넫 ?뤳뀽?メ꼥?■넽?뉌뀿?뚡뀿??]#??듄넽?뉌뀸?ⓤ꼮??넫?뤳뀽?メ꼥?■넽?뉌뀿?뚡뀿??#?녲뀳?ⓤ꼮?■넰??듄넽?롟뀿?띮뀿???#??■꼨?⒰꼮????듄넰,"['#??듄넽?뉌뀸?ⓤ꼮??넫?뤳뀽?メ꼥?■넽?뉌뀿?뚡뀿??, '#?녲뀳?ⓤ꼮?■넰??듄넽?롟뀿?띮뀿???, '#??■꼨?⒰꼮????듄넰']",2021-02-10,0,源遺곸닚 ?곕궓鍮꾩쭛,,,,,,,,,,,,,,,,,,,,,,,,,,,,
50,"?곕걟?섎㈃??吏꾪븯寃?留쏅궃 源移섏컡媛?留쏆쭛...?쒖갭異붿썱?섎궇??#源遺곸닚?곕궓鍮꾩쭛 源移섏컡媛쒖? 怨꾨?留먯씠 ?딆?紐삵빐#?좎궗?숇쭧吏?#?좎궗?숆?移섏컡嫄?""['#源遺곸닚?곕궓鍮꾩쭛'", '#?좎궗?숇쭧吏?," '#?좎궗?숆?移섏컡嫄?]""",2021-02-06,0,,,,,,,,,,,,,,,,,,,,,,,,,,,,
51,"?뚡뀸??꼮?α꼮???녲뀯?ⓤ꼱?α꼱???꺻뀶?귗뀽??源?롟뀿?띮뀿????녲뀫?뷘꼳?듄넾#??듄넽?뉌뀸?ⓤ꼮??넫?뤳뀽?メ꼥?■넽?뉌뀿?뚡뀿??#??듄넽?롟뀿?띮뀿???#??ⓤ꼨?■넫?녲뀫??꼱??#?녲뀫?뷘꼳?듄넾?됣뀽?먤뀫??녁꼨?㏇넽 #?뤳뀸?묃뀫?솽꼱?듄꼶??""['#??듄넽?뉌뀸?ⓤ꼮??넫?뤳뀽?メ꼥?■넽?뉌뀿?뚡뀿??", '#??듄넽?롟뀿?띮뀿???, '#??ⓤ꼨?■넫?녲뀫??꼱??, '#?녲뀫?뷘꼳?듄넾?됣뀽?먤뀫??녁꼨?㏇넽'," '#?뤳뀸?묃뀫?솽꼱?듄꼶??]""",2021-02-06,0,,,,,,,,,,,,,,,,,,,,,,,,,,
52,"#?좎궗??쭧吏?#源遺곸닚?곕궓鍮꾩쭛 #李몄튂源移섏컡媛?""['#?좎궗??쭧吏?", '#源遺곸닚?곕궓鍮꾩쭛'," '#李몄튂源移섏컡媛?]""",2021-01-31,0,,,,,,,,,,,,,,,,,,,,,,,,,,,,
53,Today's Record쨌쨌쨌#04 #18??#媛濡쒖닔湲?#諛⑺깂 #?앹뾽?ㅽ넗??#蹂닿퀬?붾븙 #醫뗭??섎（,"['#04', '#18??, '#媛濡쒖닔湲?, '#諛⑺깂', '#?앹뾽?ㅽ넗??, '#蹂닿퀬?붾븙', '#醫뗭??섎（']",2021-01-23,0,,,,,,,,,,,,,,,,,,,,,,,,,,,,,
54,"源遺곸닚?곕궓鍮꾩쭛?쒖슱 媛뺣궓援??뺢뎄?뺣줈2湲?15 ?좎궗?꾩씠鍮?1痢?紐⑹궡源移섏컡媛?怨꾨?留먯씠#源遺곸닚?곕궓鍮꾩쭛#?좎궗?꺻뀳?솽꼩?■녂?뚡뀿???좎궗??쭧吏?""['#紐⑹궡源移섏컡媛?", '#怨꾨?留먯씠', '#源遺곸닚?곕궓鍮꾩쭛', '#?좎궗?꺻뀳?솽꼩?■녂?뚡뀿??," '#?좎궗??쭧吏?]""",2021-01-17,0,,,,,,,,,,,,,,,,,,,,,,,,,,
55,?끷뀿?뉌뀼??꼨?㏇녅 ?됣뀿?メ꼮??2?믟뀳?뚡뀯????듄넽?뉌뀸?ⓤ꼮??넫?뤳뀽?メ꼥?■넽?뉌뀿?뚡뀿????듄넽?롟뀿?띮뀿????녲뀯?ⓤ????끷뀿?뉌뀼 ?듻뀽????묃뀰?뗡뀿?뉌뀬???뉌뀫??꼳?∝윊곧윑랅윊?[],2021-01-15,0,媛뺣궓 ?대뵖媛,,,,,,,,,,,,,,,,,,,,,,,,,,,,,
56,"[源遺곸닚?곕궓鍮꾩쭛]?좎궗?숈뿉??源移섏컡媛??섎㈃ ?쒖씪 癒쇱? ?앷컖?섎뒗 吏? ?멸뎅?몃뱾??留롮씠 李얜뒗 怨?媛숇뜑?쇨퀬. 源移섏컡媛쒕퓧留??꾨땲???щ윭 醫낅쪟??李뚭컻瑜??붿?留???理쒖븷??紐⑹궡源移섏컡媛쒖?. 源移섏컡媛?援?Ъ? ?쇳겙?섍퀬 吏꾪븳 ?몄씠??醫뗭븯?붾뜲, ?덉뿉 ?ㅼ뼱媛?紐⑹궡??醫 ?꾩돩?좎뼱. ?대뼸寃?蹂대㈃ ?뱀뿰???섍린吏留??뺤쑁?앸떦?먯꽌 癒밸뒗 源移섏컡媛쒖뿉 ??醫뗭? 怨좉린媛 ?ㅼ뼱媛??寃쎌슦媛 留롮??? ?ш린???뺤쑁?앸떦???꾨땲怨??먯묶 ?⑤퉬李뚭컻 ?꾨Ц?먯씠???쒓퀎媛 ?덈뒗 ?? ?ㅼ쓬??媛硫?李몄튂源移섏컡媛쒕룄 癒뱀뼱 蹂닿퀬 ?띕꽕. ?ㅻ쭏 ?ㅼ떆?쇱쓽 李몄튂??鍮꾧탳?섎㈃??李몄튂媛 ?꾩돺?ㅻ뒗 ?섍린?????좏뀒??嫄깆젙 留?#源遺곸닚?곕궓鍮꾩쭛 #紐⑹궡源移섏컡媛?#?쇱?源移섏컡媛?#源移섏컡媛?#源移섏컡媛쒕쭧吏?#怨꾨?留먯씠 #?ш?留먯씠 #?좎궗?숇쭧吏?#媛濡쒖닔湲몃쭧吏?#?좎궗??#?좎궗??쭧吏?#??깲?곲뜈 #?뚡뀳?귗꼱?■꼱??#?뚡뀳?귗꼱?■꼱??꼪?■넫?됣뀫 #?뚡뀳?귗꼪?■넫 #?뚡뀳?귗꼪?■넫?됣뀫 #?뚡뀳?귗꼱?■꼱????녁꼨?㏇넽 #?롟뀯?뷘꼳??넰 #?롟뀯?뷘꼳??넰?뉌뀫?メ꼮??#?롟뀯?뷘꼳??넰?뚡뀳?귗꼪?■넫 #?녲뀯?ⓤ꼮?녁꼸?■??녁꼨?㏇넽 #?녲뀫?뷘꼳?듄넾??녁꼨?㏇넽 #?녲뀯?ⓤ꼮?녁꼸?■꼩?■녆?묃뀫??#?녲뀫?뷘꼮?녁꼸?■꼩?■녆?묃뀫??#癒뱁뙏 #likeforlikes #l4l #like4likes #?꾠걚??#?꾠걚??퓭??,['#源遺곸닚?곕궓鍮꾩쭛'", '#紐⑹궡源移섏컡媛?, '#?쇱?源移섏컡媛?, '#源移섏컡媛?, '#源移섏컡媛쒕쭧吏?, '#怨꾨?留먯씠', '#?ш?留먯씠', '#?좎궗?숇쭧吏?, '#媛濡쒖닔湲몃쭧吏?, '#?좎궗??, '#?좎궗??쭧吏?, '#??깲?곲뜈', '#?뚡뀳?귗꼱?■꼱??, '#?뚡뀳?귗꼱?■꼱??꼪?■넫?됣뀫', '#?뚡뀳?귗꼪?■넫', '#?뚡뀳?귗꼪?■넫?됣뀫', '#?뚡뀳?귗꼱?■꼱????녁꼨?㏇넽', '#?롟뀯?뷘꼳??넰', '#?롟뀯?뷘꼳??넰?뉌뀫?メ꼮??, '#?롟뀯?뷘꼳??넰?뚡뀳?귗꼪?■넫', '#?녲뀯?ⓤ꼮?녁꼸?■??녁꼨?㏇넽', '#?녲뀫?뷘꼳?듄넾??녁꼨?㏇넽', '#?녲뀯?ⓤ꼮?녁꼸?■꼩?■녆?묃뀫??, '#?녲뀫?뷘꼮?녁꼸?■꼩?■녆?묃뀫??, '#癒뱁뙏', '#likeforlikes', '#l4l', '#like4likes', '#?꾠걚??," '#?꾠걚??퓭??]""",2021-01-12,0,源遺곸닚 ?곕궓鍮꾩쭛
57,"#源遺곸닚?곕궓鍮꾩쭛 #?좎궗??李몄튂源移섏컡媛?#珥덈??앸같湲고깢 ???꾨뱾 ?ы빐 泥??몄떇..??""['#源遺곸닚?곕궓鍮꾩쭛'", '#?좎궗??, '#李몄튂源移섏컡媛?," '#珥덈??앸같湲고깢']""",2021-01-09,0,,,,,,,,,,,,,,,,,,,,,,,,,,,
58,"#?좎궗 #源遺곸닚?곕궓鍮꾩쭛 #源移섏컡媛?""['#?좎궗'", '#源遺곸닚?곕궓鍮꾩쭛'," '#源移섏컡媛?]""",2021-01-04,0,源遺곸닚 ?곕궓鍮꾩쭛,,,,,,,,,,,,,,,,,,,,,,,,,,,
59,媛濡쒖닔湲?留쏆쭛?몟#源遺곸닚?곕궓鍮꾩쭛,['#源遺곸닚?곕궓鍮꾩쭛'],2020-12-21,0,,,,,,,,,,,,,,,,,,,,,,,,,,,,,
60,"?됲깮?ㅺ린???몃땲? ?쒖슱?곗씠?쒕삉 ?몄젣?ㅻ젮??~?삲?닿굅 ?좎? ?곸벝~~?덇뎄癒??좎궗??媛濡쒖닔湲??좎궗?숆?濡쒖닔湲??좎궗?숆?濡쒖닔湲몃쭧吏??ㅽ뻾?댁쨪??덉꽣???좊ℓ?쒖떆媛꾨갑臾?二쇱감?좉납?놁쓬#?以묎탳?듭씠??嫄몄뼱媛??留뚮낫梨꾩슦湲??꾩궛遺?대룞#源遺곸닚?곕궓鍮꾩쭛?좎궗蹂몄젏#?쒖떇#源遺곸닚?곕궓鍮꾩쭛#留쏆엳?붾??앸뱾#諛⑹넚?꾩쭛#紐⑹궡媛?앷?移섏컡媛?諛곕?瑜대떎#?좊챸留쏆쭛#?좎궗?숇쭧吏?留쏆엳?ㅽ엳??""['#?좎궗??", '#媛濡쒖닔湲?, '#?좎궗?숆?濡쒖닔湲?, '#?좎궗?숆?濡쒖닔湲몃쭧吏?, '#?ㅽ뻾?댁쨪??덉꽣??, '#?좊ℓ?쒖떆媛꾨갑臾?, '#二쇱감?좉납?놁쓬', '#?以묎탳?듭씠??, '#嫄몄뼱媛??, '#留뚮낫梨꾩슦湲?, '#?꾩궛遺?대룞', '#源遺곸닚?곕궓鍮꾩쭛?좎궗蹂몄젏', '#?쒖떇', '#源遺곸닚?곕궓鍮꾩쭛', '#留쏆엳?붾??앸뱾', '#諛⑹넚?꾩쭛', '#紐⑹궡媛?앷?移섏컡媛?, '#諛곕?瑜대떎', '#?좊챸留쏆쭛', '#?좎궗?숇쭧吏?," '#留쏆엳?ㅽ엳??]""",2020-12-12,0,,,,,,,,,,
61,"#媛濡쒖닔湲?#源遺곸닚?곕궓鍮꾩쭛 ?묒??꾨퉬???댁븘?덈뒗 ?뚯떇?留쏅낫怨?留먭퀬 ?좉굅?놁씠 ??留쏅굹伊ю윍λЦ?몄쑄??#留쏆엳?붾??앸뱾 ???섏삩留쏆쭛?몃뜲 ?? 留쏆엳?? 紐⑹궡???щ퓤?ｏ툘移쇱뭡?섎㈃?쒕룄 ?대뵖媛 ?듭닕??議곕?猷뚮쭧?쨽?ш린???ы룷?명듃??#珥덈??앸같湲고븳?낅㉨怨??~ ?닿굅 洹몃깷 李쒖씠?꾨땲???덈뒗????떆???ㅼ쭠?댁? ?덉슦媛?쒓????ㅼ뼱?덉쓬?㎕?㎕怨꾨?留먯씠 ?ш린?섍퀬 癒밴만 ?섑뻽?뱅윒뚴윆살텛媛濡?硫붾??꾨퀝???됲?濡쒖뵻?대㉨湲?醫뗭븯?뚴윁?""['#媛濡쒖닔湲?", '#源遺곸닚?곕궓鍮꾩쭛', '#留쏆엳?붾??앸뱾'," '#珥덈??앸같湲고븳?낅㉨怨?]""",2020-12-09,0,?좎궗??媛濡쒖닔湲?,,,,,,,,,,,,,,,,,,,,,,,,,,
62,?뮣 ?ㅿ툘 ?ㄽ?몄깮源移섏컡媛쒖쭛 #源遺곸닚?곕궓鍮꾩쭛 留쏆엳?붾??앸뱾???몄젙?덈떎??留쏆쭛 ?쇽툘愿쒗엳 留쏆쭛???꾨땲??담곤툘?몡?뤍怨꾨?留먯씠留덉졇 留덉돽???ο퉷???좎궗 #?좎궗?숈뭅??#?좎궗留쏆쭛 #媛濡쒖닔湲몃쭧吏?#源移섏컡媛?#源移섏컡媛쒕쭧吏?#留쏆엳?붾??앸뱾 #怨꾨?留먯씠 #癒뱀뒪?洹몃옩 #留쏆뒪?洹몃옩,"['#源遺곸닚?곕궓鍮꾩쭛', '#?좎궗', '#?좎궗?숈뭅??, '#?좎궗留쏆쭛', '#媛濡쒖닔湲몃쭧吏?, '#源移섏컡媛?, '#源移섏컡媛쒕쭧吏?, '#留쏆엳?붾??앸뱾', '#怨꾨?留먯씠', '#癒뱀뒪?洹몃옩', '#留쏆뒪?洹몃옩']",2020-12-06,0,,,,,,,,,,,,,,,,,,,,,,,,,,,,,
63,"?뱧?쒖슱 ?좎궗 #源遺곸닚?곕궓鍮꾩쭛?쒖슱 媛뺣궓援??뺢뎄?뺣줈2湲?15 (?좎궗???됱씪 10:20 - 22:00?좎슂??10:20 - 21:00 ?쇱슂???대Т?뷂툘紐⑹궡源移섏컡媛???,000?뷂툘怨꾨?留먯씠 ??,000?붿븷?뚯뒪?좎뼱 ?쎌뾽 ?꾩뿉 ?ㅻⅨ #?곕궓鍮꾩쭛?몄깮 ?ы깙 #源移섏컡媛??먯슂???먰깙? ?곕━ ?좊え??源移섏컡媛?吏꾩쭨 ??~~臾?留쏆엳?댁슂 ?삲諛뽰뿉???щ㉨? 源移섏컡媛?以묒뿉 ??留쏆엳???쒌뀥諛섏갔????留쏆엳怨?,,諛λ룄 留쏆엳??,#怨꾨?留먯씠 ??媛꾩씠 吏?ℓ?섍쾶 ???섏뼱 ?덉뼱?쒕갈?대옉 癒밴린 ?깆씠?덉뼱??留쏆엳?붾??앸뱾 ?먮룄 ?섏삤怨?踰쎌뿉 ?곗삁???몄씤?ㅼ씠 媛?앺븯?듬땲???욎쑝濡??좎궗媛????덉쑝硫??ㅻⅨ 嫄?蹂댁????딄퀬 ?ш린 媛덇굅?먯슂?뮆(16,000??吏쒕━ 源移섏컡媛쒕룄 ?덈뒗?? ?덉＜?⑹씠??諛ν룷?ⓥ쐳截?","['#源遺곸닚?곕궓鍮꾩쭛?쒖슱', '#?곕궓鍮꾩쭛?몄깮', '#源移섏컡媛?, '#怨꾨?留먯씠', '#留쏆엳?붾??앸뱾']",2020-12-03,0,,,,,,,,,,,,,,,,,,,,,,,,,,,,,
64,"?좎궗??媛濡쒖닔湲몄뿉 ?좊챸??源移섏컡媛??꾨Ц??..??떆 ?뚮Ц?濡?留쏆엳?ㅼ슂.#源遺곸닚?곕궓鍮꾩쭛 #媛濡쒖닔湲몃쭧吏?#媛濡쒖닔湲몃갈吏??좎궗?숇쭧吏?#?좎궗?숇갈吏??좎궗?숆?移섏컡媛?#媛濡쒖닔湲멸?移섏컡媛?""['#源遺곸닚?곕궓鍮꾩쭛'", '#媛濡쒖닔湲몃쭧吏?, '#媛濡쒖닔湲몃갈吏?, '#?좎궗?숇쭧吏?, '#?좎궗?숇갈吏?, '#?좎궗?숆?移섏컡媛?," '#媛濡쒖닔湲멸?移섏컡媛?]""",2020-12-02,0,,,,,,,,,,,,,,,,,,,,,,,,
65,.?댁옣?섎윭 ?먯＜媛??留쏆쭛 ?삄#?댁옣?섍퀬?띠뼱??源遺곸닚?곕궓鍮꾩쭛,"['#?댁옣?섍퀬?띠뼱??, '#源遺곸닚?곕궓鍮꾩쭛']",2020-11-24,0,源遺곸닚 ?곕궓鍮꾩쭛,,,,,,,,,,,,,,,,,,,,,,,,,,,,
66,#媛濡쒖닔湲?#源遺곸닚?곕궓鍮꾩쭛?멱꺗雅뷩겗?듐궎?녈걚?ｃ겚?꾠겗??깲?곥긽?꿨콏?뺛굯渦쎼걲?롢걳?쇻겂?긺쎅??긽?꿰풆?녈걮?뗣겂?잞펯?삄,"['#媛濡쒖닔湲?, '#源遺곸닚?곕궓鍮꾩쭛?멱꺗雅뷩겗?듐궎?녈걚?ｃ겚?꾠겗??깲?곥긽?꿨콏?뺛굯渦쎼걲?롢걳?쇻겂?긺쎅??긽?꿰풆?녈걮?뗣겂?잞펯?삄']",2020-11-21,0,,,,,,,,,,,,,,,,,,,,,,,,,,,,,
67,"?됣뀿?メ꼮?■꼱?㎭넧 ?꺻뀽??꼨?α녃?꺻뀫????뉌뀫?멜꼪?■넾??듄넽?롟뀿?띮뀿????녲뀫?뷘꼳?듄넾?Ⅰ ?됣뀫??꼷?⒰????띮뀫?솽꼩?■넮?뗡뀽??#??듄넽?뉌뀸?ⓤ꼮??넫?뤳뀽?メ꼥?■넽?뉌뀿?뚡뀿??#?녲뀳?ⓤ꼮?■넰??듄넽?롟뀿?띮뀿???#8000?뗡뀹??#?녲뀫?뷘꼱?듄녃?뗡뀯?삔꼱?녁넽?몟 #?녲뀿??뉌뀫?メ꼶?■넫 #?됣뀫?끷뀫?꺻뀫?뚡뀳?귗꼱??""['#??듄넽?뉌뀸?ⓤ꼮??넫?뤳뀽?メ꼥?■넽?뉌뀿?뚡뀿??", '#?녲뀳?ⓤ꼮?■넰??듄넽?롟뀿?띮뀿???, '#8000?뗡뀹??, '#?녲뀫?뷘꼱?듄녃?뗡뀯?삔꼱?녁넽?몟', '#?녲뀿??뉌뀫?メ꼶?■넫'," '#?됣뀫?끷뀫?꺻뀫?뚡뀳?귗꼱??]""",2020-11-21,0,源遺곸닚 ?곕궓鍮꾩쭛,,,,,,,,,,,,,,,,,,,,,,,,
68,"?댁젣???댁옣#?좎궗 #媛濡쒖닔湲?#?먯떖 #源遺곸닚?곕궓鍮꾩쭛 #?좎궗??#癒밸갑 #癒뱀뒪?洹몃옩 #留쏆뒪?洹몃옩 #轅留?#food #daily #instagram #foodporn #foodstagram #jmt #?ㅻ뒛?먯떖 #?좊깲 #?붾??붾? #?몃뱶?ㅽ?洹몃옩 #?쇱긽 #yummy #koreanfood #吏곸옣?몄뒪?洹몃옩 #?ㅻ뒛萸먮㉨吏 #?먯떖硫붾돱異붿쿇 #醫뗭븘??#instagood #instafood #?쪟 #紐⑹궡源移섏컡媛?""['#?좎궗'", '#媛濡쒖닔湲?, '#?먯떖', '#源遺곸닚?곕궓鍮꾩쭛', '#?좎궗??, '#癒밸갑', '#癒뱀뒪?洹몃옩', '#留쏆뒪?洹몃옩', '#轅留?, '#food', '#daily', '#instagram', '#foodporn', '#foodstagram', '#jmt', '#?ㅻ뒛?먯떖', '#?좊깲', '#?붾??붾?', '#?몃뱶?ㅽ?洹몃옩', '#?쇱긽', '#yummy', '#koreanfood', '#吏곸옣?몄뒪?洹몃옩', '#?ㅻ뒛萸먮㉨吏', '#?먯떖硫붾돱異붿쿇', '#醫뗭븘??, '#instagood', '#instafood', '#?쪟'," '#紐⑹궡源移섏컡媛?]""",2020-11-17,0,源遺곸닚 ?곕궓鍮꾩쭛
69,2020.11.14(???덊????쒗쁽??鍮뚮젮 誘몄튇?ъ쭏???앸떦?댁뿀???붿쭅??源移섏컡媛쒓? 嫄곌린??嫄곌린吏 ?덈뒗????洹몃젃寃??곗삁?몃뱾??留롮씠 ?붿뿀?붿? ?댄빐?? ?쇱?怨좉린 源移섏컡媛쒖뿉???쇱??꾩깉媛 ?덈궃?ㅻ땲源? ?밤뀋 源딆???源붾걫?? 諛ν븳怨듦린 ?앸뵳???좎궗 李얠븘媛??源移섏컡媛?癒뱀쓣留뚰븿 ?몄젙. 珥덈??앸같湲곕룄 ?밤뀋 JMT. ?닿구 怨꾨?李쒖쑝濡?遺瑜??곕━ 諛섏꽦??.?ㅼ쓬??硫붾??꾨퀝??癒뱀뼱蹂쇳뀒??(洹쇰뜲 ?ъ쭊? C27 移댄럹媛 ?⑥뵮 留롮쓬?뗣뀕?뗣뀕?뗣뀕?뗣뀕?뗣뀕)?C27? ?ㅻ━吏??移섏쫰耳?댄겕瑜??쒖꽭??瑗??쒕컻 瑗? ?닿쾬???댁쭩 誘몄튇?ъ쭏??移섏쫰耳?뚯엫. ?ㅻⅨ嫄?洹몃깷 蹂댄넻?댁뿀?붾뜲 ?ㅻ━吏?먯씠 JMT! 洹쇰뜲 ?ㅺ퀬?뺣븣臾몄씤吏??紐⑤Ⅴ寃좊뒗???щ엺 ?듭솗留롮븯?? ?곕┛ ?쇱컢???愿쒖갖?섎뒗???섍컝 ??蹂대땲源????..??꾨Т???됰났??留쏆쭛?먮갑?댁뿀怨??덊쁽??二쇰? 留쏆쭛 ?좎깮?섎뱾 媛먯궗?⑸땲???뺣텇?????留쏆쭛 留롮씠 諛곗썙媛묐땲?ㆀ윒륆윆??뮆(?댁젣 ?ㅼ쓬 留쏆쭛? 留뚮몿援?쭛?대옉 ?좏넗遺덉씠??....),[],2020-11-14,0,?좎궗??媛濡쒖닔湲?,,,,,,,,,,,,,,,,,,,,,,,,,,,,
70,201107.??녁넽?뚡뀬?뗡뀳?댾뀫????롟뀸?롟뀯?メ꼺?㏇꼮????■넫 ?뚡뀿?멜꼶?■넽?롟뀿?끷뀫???녲뀳?ⓤ꼮?■넰 ?됣뀿?뤳뀱?삔꼥?녁넫?꺻뀰 ???넧?녲뀸??꼱?녁넫 ?롟뀫?료꼶?듄????믟뀹??꼯?듄넫 ?꺻뀯 ?녲뀫?뷘꼱?듄녃?뗡뀽???뗡뀭???뗡뀽?メ??녁넫 ?녲뀫?????留?愿쒖갖?뚴윑뗡꼱?듄꼩?⒰꼥?듄넽?믟뀫?メ꼸???믟뀳?ⓤ꼮???뉌뀫?솽꼸?■넫?됣뀳?귗뀱?メ꼦?■넫?뗡뀽???뗡뀳?뚡뀿 ?뗡뀫??꼱?■녃?귗뀭????녲뀸??꼱?α꼪?め녃?귗뀽?メ꼦???뗡뀫?メ꼸?■꼤?■넾??╇꼦???뗡뀫?メ꼱?め녃?꺻뀫?귗뀰????■꼨?⒰꼮????듄넰 #?뗡뀫?멜???꼳?α녅 #?됣뀿?メ꼮??#??듄넽?뉌뀸?ⓤ꼮??넫?뤳뀽?メ꼥?■넽?뉌뀿?뚡뀿??#?롟뀫?료꼶?듄??듄넽?롟뀿?띮뀿???#?녲뀳?ⓤ꼮?■넰??듄넽?롟뀿?띮뀿???#??ⓤ꼨?■넫?녲뀫??꼱???녲뀯?ⓤ꼮?녁꼸?■??녁꼨?㏇넽 #?녲뀫?뷘꼮?녁꼸?■??녁꼨?㏇넽 #?뚡뀳?メ꼩?■녂#?꺻뀯?ⓤ꼩?╇꼦?녁넰???#?뗡뀫?녲뀿?녲뀳?뗡뀿??#?뗡뀫?묃뀳?뉌뀫?솽꼹??#?뮏,"['#??■꼨?⒰꼮????듄넰', '#?뗡뀫?멜???꼳?α녅', '#?됣뀿?メ꼮??, '#??듄넽?뉌뀸?ⓤ꼮??넫?뤳뀽?メ꼥?■넽?뉌뀿?뚡뀿??, '#?롟뀫?료꼶?듄??듄넽?롟뀿?띮뀿???, '#?녲뀳?ⓤ꼮?■넰??듄넽?롟뀿?띮뀿???, '#??ⓤ꼨?■넫?녲뀫??꼱??, '#?녲뀯?ⓤ꼮?녁꼸?■??녁꼨?㏇넽', '#?녲뀫?뷘꼮?녁꼸?■??녁꼨?㏇넽', '#?뚡뀳?メ꼩?■녂', '#?꺻뀯?ⓤ꼩?╇꼦?녁넰???, '#?뗡뀫?녲뀿?녲뀳?뗡뀿??, '#?뗡뀫?묃뀳?뉌뀫?솽꼹??, '#?뮏']",2020-11-12,0,,,,,,,,,,,,,,,,,,,,,,,,,,,,,
71,"#??듄넽?뉌뀸?ⓤ꼮??넫?뤳뀽?メ꼥?■넽?뉌뀿?뚡뀿?멜꼪?㎭넧?녲뀱?? ?뚡뀳?녲뀱?솽꼱???녲뀳?꺻뀸 ?녲뀳?꺻뀸 ?귗뀫?료꼪???귗뀫?료꼪?듄꼱?듄넫 媛濡쒖닔湲?#?뤳뀽?メ꼥?■넽?뉌뀿?뚡뀿???뜴#?녲뀳?ⓤ꼮?■넰??듄넽?롟뀿?띮뀿???#?롟뀳?끷뀫?メ꼧??넧?뉌뀬??듄꼸?■녅 ?꺻뀸 ?녲뀰?귗뀼????됣뀿??녁꼥?듄꼶???녲뀿??뉌뀫?メ꼶?■넫, ?꾞뀽?곢뀽?メ꼺?■넫 ?녲뀳?ⓤ꼮?■넰 ??■꼦?녁넧 ??듄넽?롟뀿?띮뀿????녲뀫?뷘꼥?■넽#?뗡뀫?멜???꼳?α녅?녲뀫?뷘꼳?듄넾 #?됣뀿?メ꼮?■꼦?⒰녅?녲뀫?뷘꼳?듄넾 #?됣뀿?メ꼮?■꼩?■녂?뚡뀿??#??■꼨?⒰꼮????듄넰?녲뀫?뷘꼳?듄넾#??듄넽?롟뀿?띮뀿??㏇꼩?■녂?뚡뀿??#?녲뀳?ⓤ꼮?■넰?꺻뀽?료꼫??넧??듄넽?롟뀿?띮뀿???#?귗뀫?료꼪?듄꼵?듄???#?귗뀫?료꼪??#?귗뀬?료꼪??,['#??듄넽?뉌뀸?ⓤ꼮??넫?뤳뀽?メ꼥?■넽?뉌뀿?뚡뀿?멜꼪?㎭넧?녲뀱??", '#?뤳뀽?メ꼥?■넽?뉌뀿?뚡뀿??, '#?녲뀳?ⓤ꼮?■넰??듄넽?롟뀿?띮뀿???, '#?롟뀳?끷뀫?メ꼧??넧?뉌뀬??듄꼸?■녅', '#?뗡뀫?멜???꼳?α녅?녲뀫?뷘꼳?듄넾', '#?됣뀿?メ꼮?■꼦?⒰녅?녲뀫?뷘꼳?듄넾', '#?됣뀿?メ꼮?■꼩?■녂?뚡뀿??, '#??■꼨?⒰꼮????듄넰?녲뀫?뷘꼳?듄넾', '#??듄넽?롟뀿?띮뀿??㏇꼩?■녂?뚡뀿??, '#?녲뀳?ⓤ꼮?■넰?꺻뀽?료꼫??넧??듄넽?롟뀿?띮뀿???, '#?귗뀫?료꼪?듄꼵?듄???, '#?귗뀫?료꼪??," '#?귗뀬?료꼪??]""",2020-11-06,0,源遺곸닚 ?곕궓鍮꾩쭛,,,,,,,,,,,,,,,,,
72,??■넫?녲뀫?メ꼱??#?믟뀿??꼨?듄녅?묃뀸?꺻뀽 ?귗뀫?뗡뀾 ?뗡뀳?끷뀬??#?됣뀿?メ꼮?■꼦?⒰녅?녲뀫?뷘꼳?듄넾 #??듄넽?뉌뀸?ⓤ꼮??넫?뤳뀽?メ꼥?■넽?뉌뀿?뚡뀿???뗡뀫?꺻뀽?귗뀿?료?????■??뗡뀿 ?뗡뀳?귗뀿 ?꺻뀯?뗡뀸???뚡뀳?귗꼦???몟 #珥덈??앸같湲고깢,"['#?믟뀿??꼨?듄녅?묃뀸?꺻뀽', '#?됣뀿?メ꼮?■꼦?⒰녅?녲뀫?뷘꼳?듄넾', '#??듄넽?뉌뀸?ⓤ꼮??넫?뤳뀽?メ꼥?■넽?뉌뀿?뚡뀿??, '#珥덈??앸같湲고깢']",2020-10-31,0,源遺곸닚 ?곕궓鍮꾩쭛,,,,,,,,,,,,,,,,,,,,,,,,,,,,
73,?ㅻ옖留뚯뿉 遺덇툑?댁뿀?ㆀ윑?..#異붿썙吏?덇퉴 #諛붽?諛붽? #??곷찓??#硫붾돱??#源移섏컡媛?#怨꾨?李?#源遺곸닚?곕궓鍮꾩쭛 #?좎궗??#?ъ돩諛?#遺덇툑 #二쇰쭚洹몃옩 #?덈똻?뚰넻 #?몄떇洹몃옩,"['#異붿썙吏?덇퉴', '#諛붽?諛붽?', '#??곷찓??, '#硫붾돱??, '#源移섏컡媛?, '#怨꾨?李?, '#源遺곸닚?곕궓鍮꾩쭛', '#?좎궗??, '#?ъ돩諛?, '#遺덇툑', '#二쇰쭚洹몃옩', '#?덈똻?뚰넻', '#?몄떇洹몃옩']",2020-10-30,0,,,,,,,,,,,,,,,,,,,,,,,,,,,,,
74,?귗뀫?료꼪?듄꼵?듄????롟뀫???뚡뀫??꼺?■꼥?녁넫?뚡뀿????듄넽?뉌뀸?ⓤ꼮??넫 ?뤳뀽?メ꼥?■넽?뉌뀿?뚡뀿?멜꼱?⒰꼨?㏇넫?녲뀫?メ꼱????■꼨?⒰꼮????듄넰 ?뗡뀴?됣뀯 ??듄넽?롟뀿?띮뀿????녲뀯?ⓤ꼳???믟뀬?됣뀯 ?됣뀿?녲뀸?끷뀸???믟뀬?삔꼥?녁넫?꺻뀰.. ?뗡뀴 ?됣뀫?끷뀫?료꼦?녁넰 ?녲뀫??꼱???뗡뀳?귗뀽????⒰녂?뗡뀽???꺻뀫 ?뗡뀿?뗡뀼????뗡뀿?삔꼱?α녃?꺻뀫. @comedytv_delicious_guys ?뗡뀿?됣뀿?멜꼤?듄꼺?㎭녅 ?뜗 5??⒰녅????녲뀯?ⓤ??⒰??■넽. ?댾뀫?솽꼸?α꼳?듄넽 ?뗣뀑????듄넽?뉌뀸?ⓤ꼮??넫?뤳뀽?メ꼥?■넽?뉌뀿?뚡뀿??#?뉌뀳??녁넰?뉌뀳??녁넰??듄넽?롟뀿?띮뀿???#?롟뀫?료꼩?㏇꼨?㎭넧?뚡뀯?ⓤ꼱?듄넫?녲뀫??吏묎??쒕삉?쇳빐?쇰릺?붽굔?⑥젙,"['#??듄넽?뉌뀸?ⓤ꼮??넫?뤳뀽?メ꼥?■넽?뉌뀿?뚡뀿??, '#?뉌뀳??녁넰?뉌뀳??녁넰??듄넽?롟뀿?띮뀿???, '#?롟뀫?료꼩?㏇꼨?㎭넧?뚡뀯?ⓤ꼱?듄넫?녲뀫??, '#吏묎??쒕삉?쇳빐?쇰릺?붽굔?⑥젙']",2020-10-30,0,源遺곸닚 ?곕궓鍮꾩쭛,,,,,,,,,,,,,,,,,,,,,,,,,,,,
75,"瓦썸삜若뚦갚堊녶릡?묈묈컦旅껅렓??쉪李뚭컻??윊쒚윊쒚윊쒑괵?됭퇎饒ら춾擁끻쩀?꾭윥븟윥븟윥븟윥뷴컦?쒐쉪?ⓨ늽 ?됬교亦숁땳?也썲릡?ㄴ?ㄴ?ㄴ?ㄴ?좂궨??뵜?꾢뱢?덂뱢?덂뱢?덆춾?요튋也썲??껔윥븟윥븟윥븟윥뷸끝?쒒뜈?뽫꽫孃덅쐽鵝녷삸渦ｆ삸?誤곭럽玲믥쉪(?뤒컐째?????띴퍓鸚⑴쉪寧т?繞먬씆躍멨츑獰롴윥곧윥??좎궗?숇쭧吏?#?좎궗 #?좎궗留쏆쭛 #源遺곸닚?곕궓鍮꾩쭛 #李뚭컻 #?ㅻ뒛 #?ъ쭊 #?ъ쭊?ㅽ?洹몃옩 #源移섏컡媛?#紐⑹궡 #李몄튂 #留쏆뒪?洹몃옩 #留쏆엳??#留쏆엳?ㅺ렇??""['#?좎궗?숇쭧吏?", '#?좎궗', '#?좎궗留쏆쭛', '#源遺곸닚?곕궓鍮꾩쭛', '#李뚭컻', '#?ㅻ뒛', '#?ъ쭊', '#?ъ쭊?ㅽ?洹몃옩', '#源移섏컡媛?, '#紐⑹궡', '#李몄튂', '#留쏆뒪?洹몃옩', '#留쏆엳??," '#留쏆엳?ㅺ렇??]""",2020-10-28,0,源遺곸닚 ?곕궓鍮꾩쭛,,,,,,,,,,,,,,,,
76,"?뗡뀯?료꼩?■????믟뀬?뚡뀸?귗뀽???뚡뀿?멜꼪?■넾?귗뀽?곢뀿?료꼱????듄넽?롟뀿?띮뀿????녲뀫?뷘꼳?듄넾!!! ??⒰??듄??????넱?뚡뀿?ⓤ꼺?■????뗡뀭?솽꼦???뗡뀯?녲뀫?뗡뀯?녲뀫 ?믟뀫??! (?뗡뀱?뚡뀫?뉌뀳?먤뀳?솽꼮?■꼨?■넽??듄꼳??넫???쪟 ?녲뀳?ⓤ꼮?■넰??듄넽?롟뀿?띮뀿???8,000?룧 #??듄넽?뉌뀸?ⓤ꼮??넫?뤳뀽?メ꼥?■넽?뉌뀿?뚡뀿???븰 ?묃뀱?솽꼱?듄넰 10:30-22:00 ?먤뀳 10:30-21:00 ?뗡뀿??꼱??꼱?듄넰 ?믟뀼?녲뀸",['#??듄넽?뉌뀸?ⓤ꼮??넫?뤳뀽?メ꼥?■넽?뉌뀿?뚡뀿??],2020-10-21,0,?좎궗??媛濡쒖닔湲?,,,,,,,,,,,,,,,,,,,,,,,,,,,,
77,?뗡뀳?끷뀬?メ꼩?■넫?뗡뀰 ?뗡뀶?롟뀸??꼪?■넽?뗡뀿?メ꼦?╇꼦???뗡뀫??꼶?■????뗡뀫?メ꼳?α넫?믟뀿 ?뚡뀫???꺻뀫?귗뀱?삔꼦?? ?롰겙?⑤퉬吏묒? ?좊챸?섎뱶??~ 洹몃쭔??留쏅궗???뤳뀫?묃뀰?귗뀽???녲뀸?メ꼦?■넯?뗡뀫?됣뀯 ?꺻뀫?료??듄꼺?п꼱?╈???윒뚴윆팘hank U ?뮒#?됣뀿?メ꼮?■꼦?⒰녅 #??듄넽?뉌뀸?ⓤ꼮??넫?뤳뀽?メ꼥?■넽?뉌뀿?뚡뀿??#?뉌뀫?솽꼸?■넫?п꼷?■꼹??#??メ넫?롟뀫??꼱?■꼷?■꼹??#?뤳뀫?묃뀰?귗뀽?メ꼦?■꼱?녁넽??듄꼺?п꼱??#李몄튂源移섏컡媛?#珥덈??앸같湲고깢,"['#?됣뀿?メ꼮?■꼦?⒰녅', '#??듄넽?뉌뀸?ⓤ꼮??넫?뤳뀽?メ꼥?■넽?뉌뀿?뚡뀿??, '#?뉌뀫?솽꼸?■넫?п꼷?■꼹??, '#??メ넫?롟뀫??꼱?■꼷?■꼹??, '#?뤳뀫?묃뀰?귗뀽?メ꼦?■꼱?녁넽??듄꼺?п꼱??, '#李몄튂源移섏컡媛?, '#珥덈??앸같湲고깢']",2020-10-21,0,,,,,,,,,,,,,,,,,,,,,,,,,,,,,
78,#媛濡쒖닔湲?#源遺곸닚?곕궓鍮꾩쭛 #源移섏컡媛?#怨꾨?留먯씠,"['#媛濡쒖닔湲?, '#源遺곸닚?곕궓鍮꾩쭛', '#源移섏컡媛?, '#怨꾨?留먯씠']",2020-10-21,0,源遺곸닚 ?곕궓鍮꾩쭛,,,,,,,,,,,,,,,,,,,,,,,,,,,,
79,?ㅿ툘?뉌뀱?メ꼺?■꼳???뗡뀫??꼥?녁넫 ?녲뀫?뷘꼱???뗡뀿?삔꼦?■꼥?녁넫??α넫??녁꼨?듄?????녁??⒰녂?뗡뀰??■꼩?㎭넫 ?귗뀽????녁꼩?■녂?뗡뀽???귗뀽?곢뀿??꼮???뗡뀿?삔꼦?■꼥?녁넫??α넫?롟뀫???믟뀬?솽꼪?⒰넧?뗡뀿?????■넽?됣뀫?믟뀫?メ꼱?듄넰?솈?뤋?뷂툘?뗡뀰?료꼩?■꼮?듄꼮?녁꼱???뗡뀳?됣뀿?녲뀱???뗡뀿??⒰녂?뗡뀾 ??듄넽?롟뀿?띮뀿??╇꼶?α꼨?α넽?귗뀽????녁꼩?■녂?뗡뀿?녲뀱???뚡뀳?귗??╇녃?뗡뀯?뗡뀷?삆?뵖?뗡뀳?귗뀽???녲뀫??■넽?꺻뀶?귗뀽?メ???.?뷂툘??듄넽?믟뀬?뗡뀼?ⓤ꼹?⒱쐱截뤳꼪?꿍꼸?듄꼦???녲뀿?뗡뀿?멜??녁넽?됣뀸?끷뀭?쇄쐱截뤳꼱?⒰꼪?⒰꼩?꿍꼷???녲뀿?뗡뀿?멜??녁넽?됣뀸?끷뀭?솽??듄넫?됣뀯??꼩?㎭녅?뗡뀿 ?묃뀿??꼱??꼱?α넿?귗뀽???뚡뀰?묃뀸?료꼦?녁넰?뗡뀿?뚡뀷?귗뀳?귗꼶?듄꼳?듄꼩?■꼮?╇꼱??윒뚴윆삽윒뚴윆삽윒뚴윆?.#?뚡뀸?녲뀫??꼮??넫?됣뀫????듄넽?뉌뀸?ⓤ꼮??넫?뤳뀽?メ꼥?■넽?뉌뀿?뚡뀿??#??듄넽?롟뀿?띮뀿?????ⓤ꼨?■넫?먤뀫????ⓤ꼨?■넫?녲뀫??꼱???뗡뀰?료꼩?■꼮?듄꼮?녁꼩?■녂?뚡뀿??癒밸갑,"['#?뚡뀸?녲뀫??꼮??넫?됣뀫??, '#??듄넽?뉌뀸?ⓤ꼮??넫?뤳뀽?メ꼥?■넽?뉌뀿?뚡뀿??, '#??듄넽?롟뀿?띮뀿???, '#??ⓤ꼨?■넫?먤뀫??, '#??ⓤ꼨?■넫?녲뀫??꼱??, '#?뗡뀰?료꼩?■꼮?듄꼮?녁꼩?■녂?뚡뀿??, '#癒밸갑']",2020-10-11,0,源遺곸닚 ?곕궓鍮꾩쭛,,,,,,,,,,,,,,,,,,,,,,,,,,,,
80,"???뮆?삠꺕?삠꺕??kactress #kdrama #kactor #?귗뀫?료꼳??꼺?㎭넧 #namjoohyuk #?뗡뀿?됣뀯?솽??㎭녅 #leesoogeun #?듽깲?룔굺?γ깚?㎯궚 #?쀦윶壅?#?ㅳ궫?녈궘?쇻깾??#?뗣겗?녈굺?쇈꺂?덀굺?▲궭?쇻꺂?뺛걢?숁걢?쀣걼??깲?쎼굺??궥?쇻깷 #??깲?쎼굺??궥?쇻깷 #?뗡뀱?ⓤ꼦?⒰꼱??꼳?α녅??듄넽?뉌뀳?ⓤ꼳??#??듄넽?뉌뀸?ⓤ꼮??넫?뤳뀽?メ꼥?■넽?뉌뀿?뚡뀿??""['#kactress'", '#kdrama', '#kactor', '#?귗뀫?료꼳??꼺?㎭넧', '#namjoohyuk', '#?뗡뀿?됣뀯?솽??㎭녅', '#leesoogeun', '#?듽깲?룔굺?γ깚?㎯궚', '#?쀦윶壅?, '#?ㅳ궫?녈궘?쇻깾??, '#?뗣겗?녈굺?쇈꺂?덀굺?▲궭?쇻꺂?뺛걢?숁걢?쀣걼??깲?쎼굺??궥?쇻깷', '#??깲?쎼굺??궥?쇻깷', '#?뗡뀱?ⓤ꼦?⒰꼱??꼳?α녅??듄넽?뉌뀳?ⓤ꼳??," '#??듄넽?뉌뀸?ⓤ꼮??넫?뤳뀽?メ꼥?■넽?뉌뀿?뚡뀿??]""",2020-10-05,0,,,,,,,,,,,,,,,,,
81,"???뮆?삠꺕?삠꺕#kactress #kdrama #kactor #?귗뀫?료꼳??꼺?㎭넧 #namjoohyuk #?뗡뀿?됣뀯?솽??㎭녅 #leesoogeun #?듽깲?룔굺?γ깚?㎯궚 #?쀦윶壅?#?ㅳ궫?녈궘?쇻깾??#?뗣겗?녈굺?쇈꺂?덀굺?▲궭?쇻꺂?뺛걢?숁걢?쀣걼??깲?쎼굺??궥?쇻깷 #??깲?쎼굺??궥?쇻깷 #?뗡뀱?ⓤ꼦?⒰꼱??꼳?α녅??듄넽?뉌뀳?ⓤ꼳??#??듄넽?뉌뀸?ⓤ꼮??넫?뤳뀽?メ꼥?■넽?뉌뀿?뚡뀿??""['#kactress'", '#kdrama', '#kactor', '#?귗뀫?료꼳??꼺?㎭넧', '#namjoohyuk', '#?뗡뀿?됣뀯?솽??㎭녅', '#leesoogeun', '#?듽깲?룔굺?γ깚?㎯궚', '#?쀦윶壅?, '#?ㅳ궫?녈궘?쇻깾??, '#?뗣겗?녈굺?쇈꺂?덀굺?▲궭?쇻꺂?뺛걢?숁걢?쀣걼??깲?쎼굺??궥?쇻깷', '#??깲?쎼굺??궥?쇻깷', '#?뗡뀱?ⓤ꼦?⒰꼱??꼳?α녅??듄넽?뉌뀳?ⓤ꼳??," '#??듄넽?뉌뀸?ⓤ꼮??넫?뤳뀽?メ꼥?■넽?뉌뀿?뚡뀿??]""",2020-10-05,0,,,,,,,,,,,,,,,,,
82,"?쒕쾿 ???댁쭊 ?좎뵪???먭씀留??↔린???④굅??援?Ъ?붾━ ?뮆_源移섏컡媛??몄뿉???щ윭媛吏 李뚭컻瑜섍? ?덈뒗???닿? 二쇰Ц??嫄?#紐⑹궡源移섏컡媛??앹궗瑜섎쾭?꾩씠???덉＜踰꾩쟾???덈뒗??????癒뱀쓣 嫄곕땲源?#?덉＜踰꾩쟾 ?삖_李⑥씠??怨듦퉫諛μ씠 ?섏삤怨????섏삤怨? ?꾨퉬媛 ?ш퀬 ?묎퀬??李⑥씠?몃벏 ?롢뀕 媛꾩? 媛꾧컙????怨좉린媛 ?덈Т ?쇰뱾?쇰뱾?댁꽌 源쒕??ㄽ_?쒓?吏 ?꾩돩???먯? ?뷀뙏 ?볦뿬 癒뱀쓣 ???덇쾶 踰꾨꼫媛 ?녿떎????,?쒌뀥 #?뚯퐳?щ쾭 ?ㅼ쓽 ?щ옉 諛쏆쓣 吏묐낫??吏묐갈 洹몃━?뚰븯??#諛깅컲?щ쾭 ?ㅼ쓽 ?щ옉 李먰븯寃?諛쏆쓣 怨녹씤??:) _#?좎궗?숆?移섏컡媛?#媛濡쒖닔湲멸?移섏컡媛?#媛濡쒖닔湲몃쭧吏?#媛濡쒖닔湲몃갈吏?#?좎궗?숇갈吏?#源移섏컡媛쒕쭧吏?#媛뺣궓諛μ쭛 #源遺곸닚?곕궓鍮꾩쭛 #李뚭컻吏?,['#紐⑹궡源移섏컡媛?", '#?덉＜踰꾩쟾', '#?뚯퐳?щ쾭', '#諛깅컲?щ쾭', '#?좎궗?숆?移섏컡媛?, '#媛濡쒖닔湲멸?移섏컡媛?, '#媛濡쒖닔湲몃쭧吏?, '#媛濡쒖닔湲몃갈吏?, '#?좎궗?숇갈吏?, '#源移섏컡媛쒕쭧吏?, '#媛뺣궓諛μ쭛', '#源遺곸닚?곕궓鍮꾩쭛'," '#李뚭컻吏?]""",2020-10-05,0,源遺곸닚 ?곕궓鍮꾩쭛,,,,,,,,,,,,,,,,,
83,繇꿴짘佯쀣겗?γ굦?욍굩?듽걣?밤겓嚥?쀣걚?ャ꺆?밤궘?ュ뫅渦뷩겎15亮답빳訝듽겓歷▲겂??꽋?뺛굦泳싥걨?╉걚?뗩윋?썽뜈竊덀긽?뀐펹弱귡?佯쀢씍截?#源遺곸닚?곕궓鍮꾩쭛 竊덀궘?졼깣?껁궧????꺍?듽깲?볝긽?껓펹..?볟쎖雅뷩겓?ⓦ겂?╈쒏칾??뫑?앫겗餓ｈ〃?ⓦ굚鼇?덀굥??깲?곥긽?꿔굜?밤꺍?됥궏?뽧긽?꿔겒?⒲곦?雅뷴뎺??긽?꿔깳?뗣깷??葉?줊?뚣깳?ㅳ꺍?ⓦ겒?ｃ걼佯뜻컩?꾠겒繇잌쟼??.?뤵걼?쀣겗?딀컱?ュ뀯?듽겘?곮콢??쫿?됥겗??紐⑹궡 竊덀깴??궢?ワ펹?앫걣?γ겂?잆궘?졼긽?곥궟?맰?뮆.?ⓨ뫑?뚣궙?γ긿?②ŉ?얇겂?잍퓘?꾠굙??눣黎곥겓?곩컩?쀩끂?녈굚?귙굥??깲?곥겗?녈걣?졼굩?ｃ겍?곥굩?잆걮??릎?㎯곥걪?뚣걻?볟쎖??뫑竊곻펯?곥겏?잆걯?뗧쮮?곮풘?뤵굚獰롥뫑?쀣걚鸚㎩??띲겒?놈웻곧웻??딂굢?귙궡??궡??겏?γ겂?╉걚?╉깭?ゃ깷?쇈깲?귝??밤겎?숎윒뚴윆?.訝雅뷴뎺??긽?꿔겒??겎?곦?雅뷩걫繇?겎??닶?ⓦ겓?귙궕?밤궧?▲겎?숎윊?.?볝걪??걲?붵걦佯뜻컩?꾠겒繇잌쟼?ゃ겗?㎯걲?뚣곲윋?썬겗?멱꺗雅뷩겗?ε틭?귙겏?╉굚鸚싥걦?곩틭?끹겓??뜈??뱥?ラ윋?썼듃?썰볶??궢?ㅳ꺍?뚣걳?됥굤?ｏ툘?ｏ툘.訝役곥궧?욍꺖??궢?ㅳ꺍?귙굚?뚣겒?뤵걗?듽곥깿?녔쭣??궢?ㅳ꺍?귙걗?듽겲?쀣걼??.?ャ꺆?밤궘?ュ뫅渦뷩겎?녈굩?덀굥訝雅븅뜈??걡佯쀣겎?쀣걼?Ⅰ..#?볟쎖 #?볟쎖?끻젿 #?볟쎖?낁죱 #?볟쎖?낁죱鼇?#?볟쎖?겹꺂??#?볟쎖?숂릤 #?볟쎖也녑춴 #?볟쎖也녑춴??#?볟쎖也썬걤?や볶?①퉳?뚣굤?잆걚 #?썬궑??#?썬궑?ユ뾽烏?#?썬궑?ャ궛?ャ깳 #?ャ꺆?밤궘??#??깲?곥긽??#?곥궟??#訝雅븅뜈 #黎잌뜔 #黎잌뜔?겹꺂??#源移섏컡媛?#媛濡쒖닔湲?#媛濡쒖닔湲몃쭧吏?#醫뗭븘??#醫뗭븘?붾컲??#?쇱긽 #?ы뻾 #?쇰갈 #癒뱀뒪?洹몃옩 #留쏆뒪?洹몃옩,"['#源遺곸닚?곕궓鍮꾩쭛', '#紐⑹궡', '#?볟쎖', '#?볟쎖?끻젿', '#?볟쎖?낁죱', '#?볟쎖?낁죱鼇?, '#?볟쎖?겹꺂??, '#?볟쎖?숂릤', '#?볟쎖也녑춴', '#?볟쎖也녑춴??, '#?볟쎖也썬걤?や볶?①퉳?뚣굤?잆걚', '#?썬궑??, '#?썬궑?ユ뾽烏?, '#?썬궑?ャ궛?ャ깳', '#?ャ꺆?밤궘??, '#??깲?곥긽??, '#?곥궟??, '#訝雅븅뜈', '#黎잌뜔', '#黎잌뜔?겹꺂??, '#源移섏컡媛?, '#媛濡쒖닔湲?, '#媛濡쒖닔湲몃쭧吏?, '#醫뗭븘??, '#醫뗭븘?붾컲??, '#?쇱긽', '#?ы뻾', '#?쇰갈', '#癒뱀뒪?洹몃옩', '#留쏆뒪?洹몃옩']",2020-10-02,0,源遺곸닚 ?곕궓鍮꾩쭛,,,,,,,,,,,,,,,,,,,,,,,,,,,,
84,.#癒뱁궥由ъ뒪?몄??쒖＜??#源遺곸닚?곕궓鍮꾩쭛 #源移섏컡媛쒚윥??대쾲二쇰뒗 #??쒖삦 #?뚭섕由ъ닔?〓꼫臾?留쏆엳??癒밸뒗寃??됰났?대떎~,"['#癒뱁궥由ъ뒪?몄??쒖＜??, '#源遺곸닚?곕궓鍮꾩쭛', '#源移섏컡媛쒚윥?, '#??쒖삦', '#?뚭섕由ъ닔?〓꼫臾?]",2020-09-30,0,,,,,,,,,,,,,,,,,,,,,,,,,,,,,
85,?묈뙒?녶ㄷ?뗥? /腰뽫댚?경쿃塋숂쐿?꾢퓘恙껃영恙들숅뜈疫?넭鸚⒳푺訝閻?孃덂뭏獵륆윣?腰뽫댚獰롩짘 #力↑룣??#?묈뙒?녶ㄷ?뗥? #??듄넽?롟뀿?띮뀿???#??듄넽?뉌뀸?ⓤ꼮??넫?뤳뀽?メ꼥?■넽?뉌뀿?뚡뀿??#李몄튂源移섏컡媛?#xsnote,"['#腰뽫댚獰롩짘', '#力↑룣??, '#?묈뙒?녶ㄷ?뗥?', '#??듄넽?롟뀿?띮뀿???, '#??듄넽?뉌뀸?ⓤ꼮??넫?뤳뀽?メ꼥?■넽?뉌뀿?뚡뀿??, '#李몄튂源移섏컡媛?, '#xsnote']",2020-09-25,0,源遺곸닚 ?곕궓鍮꾩쭛,,,,,,,,,,,,,,,,,,,,,,,,,,,,
86,?욁긿?녈꺁?뜺竊녴긽?멥깱?㎯녴겒?볝굜?뗣굯?꾠겎23?귡걥?롢걧?됥걚?얇겎?듽겂?잆굩?눖?눟?밤꺖?쀣곲뜈?곲볶?숂릤?귞Ŧ窈욆콎野뚳퐵(??#源遺곸닚?곕궓鍮꾩쭛 烏뚣걤?잆걦?ゃ굥?ゃ걖#?볟쎖#?볟쎖?숂릤掠??볟쎖?숂릤#亦뽫툌#亦뽫툌?볟쎖?숂릤#?ㅽ궎?섏?#?ㅽ궎?섏?留쏆쭛#?쒌굯??콢#?볟쎖也썬걤?や볶?①퉳?뚣굤?잆걚,"['#源遺곸닚?곕궓鍮꾩쭛', '#?볟쎖', '#?볟쎖?숂릤掠?, '#?볟쎖?숂릤', '#亦뽫툌', '#亦뽫툌?볟쎖?숂릤', '#?ㅽ궎?섏?', '#?ㅽ궎?섏?留쏆쭛', '#?쒌굯??콢', '#?볟쎖也썬걤?や볶?①퉳?뚣굤?잆걚']",2020-09-19,0,,,,,,,,,,,,,,,,,,,,,,,,,,,,,
87,#?녲뀫?뷘꼳?듄넾 #?녲뀯?ⓤ꼪?■녅 #?됣뀿?メ꼮??#??■꼨?⒰꼮????듄넰 #?됣뀿?メ꼮?■꼩?■녂?뚡뀿??#??■녅?귗뀫??#?롟뀯?솽꼦?■넽 #selfie #?됣뀰??꼮?녁꼸?■??녁꼨?㏇넽 #?뗡뀿?メ꼮?녁꼸?■꼦?╇꼱?듄넰?끷뀿 #foodporn #food #foodie #foodstagram #foodphotography #?뗡뀿??꼮?■녅 #?뗡뀿??꼮?■녅?됣뀽?먤뀫??녁꼨?㏇넽 #instadaily #instafood #?녲뀫?써꼹?■넰 #?녲뀫?써꼹?■넰?믟뀬?뗡뀷 #?녲뀫?써꼹?■넰?됣뀯?メ꼹?■넰?믟뀴?メ꼱?㎭녅 #?녲뀫?써꼹?■넰100 #?뗡뀫?멜???꼳?α녅 #?뉌뀸??꼩?⒰넧 #源遺곸닚?곕궓鍮꾩쭛,"['#?녲뀫?뷘꼳?듄넾', '#?녲뀯?ⓤ꼪?■녅', '#?됣뀿?メ꼮??, '#??■꼨?⒰꼮????듄넰', '#?됣뀿?メ꼮?■꼩?■녂?뚡뀿??, '#??■녅?귗뀫??, '#?롟뀯?솽꼦?■넽', '#selfie', '#?됣뀰??꼮?녁꼸?■??녁꼨?㏇넽', '#?뗡뀿?メ꼮?녁꼸?■꼦?╇꼱?듄넰?끷뀿', '#foodporn', '#food', '#foodie', '#foodstagram', '#foodphotography', '#?뗡뀿??꼮?■녅', '#?뗡뀿??꼮?■녅?됣뀽?먤뀫??녁꼨?㏇넽', '#instadaily', '#instafood', '#?녲뀫?써꼹?■넰', '#?녲뀫?써꼹?■넰?믟뀬?뗡뀷', '#?녲뀫?써꼹?■넰?됣뀯?メ꼹?■넰?믟뀴?メ꼱?㎭녅', '#?녲뀫?써꼹?■넰100', '#?뗡뀫?멜???꼳?α녅', '#?뉌뀸??꼩?⒰넧', '#源遺곸닚?곕궓鍮꾩쭛']",2020-09-17,0,源遺곸닚 ?곕궓鍮꾩쭛,,,,,,,,,,,,,,,,,,,,,,,,,,,,
88,"?몄젣???녹? 源遺곸닚 ?곕궓鍮꾩쭛?뺣텇??怨쇱떇 ?쒌뀥留쏄낵 蹂듬?鍮꾨쭔???뺣퉬濡愿怨꾧렇 洹좎뿴?먯쓣 李얘퀬 ?띕떎#源遺곸닚?곕궓鍮꾩쭛#?곕쟻?쒖옣李뚭컻#紐⑹궡源移섏컡媛?珥덈???""['#源遺곸닚?곕궓鍮꾩쭛'", '#?곕쟻?쒖옣李뚭컻', '#紐⑹궡源移섏컡媛?," '#珥덈???]""",2020-09-12,0,"Seoul, South Korea - ?쒖슱",,,,,,,,,,,,,,,,,,,,,,,,,,
89,"留쏅룄 留쏆씠吏留뚯뿬?ъ옣?섏씠 李?移쒖젅?섏뀛?쒓컝 ??留덈떎 湲곕텇 醫뗭? 怨노컲李щ뱾??痍⑥? ?삓...#源遺곸닚?곕궓鍮꾩쭛#源移섏컡媛?""['#源遺곸닚?곕궓鍮꾩쭛'"," '#源移섏컡媛?]""",2020-09-09,0,源遺곸닚 ?곕궓鍮꾩쭛,,,,,,,,,,,,,,,,,,,,,,,,,,,,
90,"#?묒갔#200901?먯떖#源遺곸닚?곕궓鍮꾩쭛?좎궗蹂몄젏#媛濡쒖닔湲몃쭧吏??좎궗??쭧吏?源移섏컡媛쒕쭧吏?源遺곸닚?곕궓鍮꾩쭛?뱧?쒖슱 媛뺣궓援??뺢뎄?뺣줈2湲?15 ?좎궗?꾩씠鍮?1痢??뱧?쒖슱 媛뺣궓援??좎궗??522...?몛?뤋由ъ뼹?꾧린?붿쑀紐낆씤?ㅼ씠 ?몄씤?대넃? ?꾨퉬?쒓퍚??踰쎌뿉 媛?앸텤?ъ엳?뚢쐱?붿쭅???뚯＜瑜?遺瑜대뒗 源移섏컡媛쒖? 怨꾨?留먯씠?붿옱諛⑸Ц?섏궗:狩먥춴狩?""['#?묒갔'", '#200901?먯떖', '#源遺곸닚?곕궓鍮꾩쭛?좎궗蹂몄젏', '#媛濡쒖닔湲몃쭧吏?, '#?좎궗??쭧吏?, '#源移섏컡媛쒕쭧吏?," '#源遺곸닚?곕궓鍮꾩쭛?뱧?쒖슱']""",2020-09-02,0,源遺곸닚 ?곕궓鍮꾩쭛,,,,,,,,,,,,,,,,,,,,,,,
91,#?쒖슱 #?쒖슱留쏆쭛 #媛뺣궓 #媛뺣궓留쏆쭛 #?좎궗?숇쭧吏?#源遺곸닚?곕궓鍮꾩쭛 #源移섏컡媛?#怨꾨?留먯씠 #?⑺깭援ъ씠 #?⑥씠?낇븘??....#肄붾줈???뺣텇???⑥씠???덊븿,"['#?쒖슱', '#?쒖슱留쏆쭛', '#媛뺣궓', '#媛뺣궓留쏆쭛', '#?좎궗?숇쭧吏?, '#源遺곸닚?곕궓鍮꾩쭛', '#源移섏컡媛?, '#怨꾨?留먯씠', '#?⑺깭援ъ씠', '#?⑥씠?낇븘??, '#肄붾줈??]",2020-08-29,0,源遺곸닚 ?곕궓鍮꾩쭛,,,,,,,,,,,,,,,,,,,,,,,,,,,,
92,"#媛濡쒖닔湲몃쭧吏?#源移섏컡媛?#源移섏컡媛쒕쭧吏?#怨꾨?留먯씠 #源遺곸닚?곕궓鍮꾩쭛媛源뚯슫?곗꽌 源移섏컡媛?癒뱀쓣??援욹윉?""['#媛濡쒖닔湲몃쭧吏?", '#源移섏컡媛?, '#源移섏컡媛쒕쭧吏?, '#怨꾨?留먯씠'," '#源遺곸닚?곕궓鍮꾩쭛媛源뚯슫?곗꽌']""",2020-08-23,0,源遺곸닚 ?곕궓鍮꾩쭛,,,,,,,,,,,,,,,,,,,,,,,,,
93,?좎궗??源遺곸닚 ?곕궓鍮꾩쭛紐⑹궡 源移섏컡媛? 李몄튂 源移섏컡媛? 怨꾨?留먯씠?곗뿴??媛由????놁뿀?? 移쇱뭡?섍퀬 臾듭쭅???먮굦??紐⑹궡 源移섏컡媛? 遺?쒕윭??留?李몄튂 源移섏컡媛? ?묐룄 留롮븯怨?留쏅룄 醫뗭븯?? 源移섏컡媛쒖뿏 怨꾨?留먯씠吏!! ?밸퀎??留쏆? ?꾨땲吏留?留쏆엳寃?癒뱀뿀?? 珥덈? ?앸같湲고깢??留롮씠 癒밸뜕???ㅼ쓬???꾩쟾?댁빞吏!!...#?좎궗??源遺곸닚?곕궓鍮꾩쭛#紐⑹궡源移섏컡媛?李몄튂源移섏컡媛?怨꾨?留먯씠,"['#?좎궗??, '#源遺곸닚?곕궓鍮꾩쭛', '#紐⑹궡源移섏컡媛?, '#李몄튂源移섏컡媛?, '#怨꾨?留먯씠']",2020-08-14,0,媛뺣궓援??좎궗??,,,,,,,,,,,,,,,,,,,,,,,,,,,,
94,"??듄넽?롟뀿?띮뀿??㏇꼱???????め꼮??#??듄넽?뉌뀸?ⓤ꼮??넫?뤳뀽?メ꼥?■넽?뉌뀿?뚡뀿???꺻뀵?뚡뀿??⒰??? ?롟뀫?료꼶????듄넽?롟뀿?띮뀿????뚡뀸???됣뀯?メ꼸?㏇넧?믟뀫???됣뀸 ?뗡뀿?삔꼱?녁꼩???뚡뀯?ⓤ꼳?α넰?믟뀫????뚡뀫???뗡뀿?ⓤ꼱?녁넫 ?녲뀸?ⓤ꼱?녁넫?뚡뀿?끷뀽???됣뀫?뗡뀷?솽꼺???녲뀫?뷘꼱???곢뀫??꼤?녁넽?믟뀫?꺻뀫. ??듄꼪?⒰넫?뗡뀰 ?롟뀸?솽꼮?듄넰?믟뀫???녲뀫?? ?ⓤ꼮?α꼱??넰 ??■녅?귗뀫?료????뗡뀫?멜???꼳?α녅?끷뀳2??듄넰 15 ?됣뀿?メ꼮?■꼱?■꼱?듄꼪?듄넰?ⓤ꼩?⒰넧?됣뀫???移섏컡媛? ?롟뀫?료꼶?듄??듄넽?롟뀿?띮뀿???8,000?뗡뀹???뉌뀫???믟뀫?メ??⒰녅??듄꼨?⒰꼥?녁넫 ?띮뀿????믟뀫?귗뀫?끷뀽???꺻뀫 ?녲뀯?ⓤ????믟뀿?료꼦?녁넰?뗡뀯 ?꺻뀸??⒰녅?됣뀰??⒰녅?뗡뀽???뉌뀸?끷뀽?귗뀽???뗡뀭?? #?녲뀫?뷘꼱?듄녃?귗뀽?メ꼥?㎭꼮?α넧?꺻뀽??꼩?■녂?뚡뀿???뗡뀽?끷뀳 ?됣뀳????꺻뀶?뗡뀯?삔꼥?녁넫?꺻뀰, TV?뗡뀰?됣뀯 ??녁넧?롟뀫?メ꼺?■꼦?α넫 ?롟뀳?끷뀫?メ꼧??넧?뉌뀬??듄꼸?■녅?뗡뀽????녁꼳?α??녁꼨?㏇녃?꺻뀫. ?귗뀬?솽꼦?⒰녅?믟뀬?됣뀫?メ꼩??넰 + ??ⓤ꼨?■넫 + ?됣뀯??꼸?■녅(?뗡뀾?꺻뀫?メ꼩?■녂) ?뗡뀽???귗뀯?귗꼱?녁넫 ?됣뀫?솽꼮?■녅?믟뀫???됣뀸 ?뗡뀿?삔꼥?녁넫 ?녲뀫?뷘꼱?듄꼨?■넰?곢뀫. ?믟뀫?メ꼪?α넫 ?녲뀯?ⓤ꼱?녁넫 ?꺻뀻?끷뀳?귗뀽???띮뀿??㏇꼱???뗡뀳??꼱?듄넫. ?꺻뀸??⒰녅?뗡뀽???녲뀯?ⓤ꼱?α꼳??꼱???녲뀯?ⓤ꼱?녁넫 ??α녂 ??■??뗡뀫. ?뗡뀿?끷뀯?メ꼥?■넰 ?뗡뀰?뗡뀯?뤳뀯???뗡뀫?끷뀬?됣뀯 ?뗡뀴???꼱?め????녲뀯?ⓤ??⒰꼮?듄뇖?뗡뀽???녲뀫??,['#??듄넽?뉌뀸?ⓤ꼮??넫?뤳뀽?メ꼥?■넽?뉌뀿?뚡뀿??"," '#?녲뀫?뷘꼱?듄녃?귗뀽?メ꼥?㎭꼮?α넧?꺻뀽??꼩?■녂?뚡뀿??]""",2020-08-13,0,,,,,,,,,,,,,,,,,,,,,,,,,,,,,
95,?곕슧??紐산????꾩돺吏留뚯떊?ъ뿭 ?놁뿉 ?덉쓣??媛怨?泥섏쓬 媛붿쑝???泥??쇰쭏留뚯씤吏..??닠? ?꾨쫫?듬떎.#??닠 #珥덈???#?앸같湲?#怨꾨?李?#?좎궗?숇쭧吏?#媛濡쒖닔湲몃쭧吏?#留쏆뒪?洹몃옩 #癒뱀뒪?洹몃옩 #源遺곸닚?곕궓鍮꾩쭛 #?곕궓鍮꾩쭛,"['#??닠', '#珥덈???, '#?앸같湲?, '#怨꾨?李?, '#?좎궗?숇쭧吏?, '#媛濡쒖닔湲몃쭧吏?, '#留쏆뒪?洹몃옩', '#癒뱀뒪?洹몃옩', '#源遺곸닚?곕궓鍮꾩쭛', '#?곕궓鍮꾩쭛']",2020-08-11,0,源遺곸닚 ?곕궓鍮꾩쭛,,,,,,,,,,,,,,,,,,,,,,,,,,,,
96,#源遺곸닚?곕궓鍮꾩쭛 #?좎궗?숇쭧吏?#議대쭧??#紐⑹궡源移섏컡媛?#珥덈??뺣슍諛곌린 #?좎궗媛濡쒖닔湲?#?뺢뎄?뺤빱?쇰퉰,"['#源遺곸닚?곕궓鍮꾩쭛', '#?좎궗?숇쭧吏?, '#議대쭧??, '#紐⑹궡源移섏컡媛?, '#珥덈??뺣슍諛곌린', '#?좎궗媛濡쒖닔湲?, '#?뺢뎄?뺤빱?쇰퉰']",2020-08-08,0,,,,,,,,,,,,,,,,,,,,,,,,,,,,,
97,"?숈깮?대옉 源遺곸닚 ???⑤퉬吏묒큹??앸같湲곗? 紐⑹궡源移섏컡媛쒕뒗 ?섏긽??沅곹빀?삆鍮꾩삤????醫뗪뎄??#源遺곸닚?곕궓鍮꾩쭛 #珥덈??앸같湲?#紐⑹궡源移섏컡媛?#諛고꽣吏먳윇?""['#源遺곸닚?곕궓鍮꾩쭛'", '#珥덈??앸같湲?, '#紐⑹궡源移섏컡媛?," '#諛고꽣吏먳윇?]""",2020-08-08,0,,,,,,,,,,,,,,,,,,,,,,,,,,,
98,"?뮆?뮆?뮆?뮆?뮆?삠꺕?삠꺕??kactress #kdrama #kactor #?귗뀫?료꼳??꼺?㎭넧 #namjoohyuk #?뗡뀿?됣뀯?솽??㎭녅 #leesoogeun #?듽깲?룔굺?γ깚?㎯궚 #?쀦윶壅?#?ㅳ궫?녈궘?쇻깾??#?뗣겗?녈굺?쇈꺂?덀굺?▲궭?쇻꺂?뺛걢?숁걢?쀣걼??깲?쎼굺??궥?쇻깷 #??깲?쎼굺??궥?쇻깷 #?뗡뀱?ⓤ꼦?⒰꼱??꼳?α녅??듄넽?뉌뀳?ⓤ꼳??#??듄넽?뉌뀸?ⓤ꼮??넫?뤳뀽?メ꼥?■넽?뉌뀿?뚡뀿??""['#kactress'", '#kdrama', '#kactor', '#?귗뀫?료꼳??꼺?㎭넧', '#namjoohyuk', '#?뗡뀿?됣뀯?솽??㎭녅', '#leesoogeun', '#?듽깲?룔굺?γ깚?㎯궚', '#?쀦윶壅?, '#?ㅳ궫?녈궘?쇻깾??, '#?뗣겗?녈굺?쇈꺂?덀굺?▲궭?쇻꺂?뺛걢?숁걢?쀣걼??깲?쎼굺??궥?쇻깷', '#??깲?쎼굺??궥?쇻깷', '#?뗡뀱?ⓤ꼦?⒰꼱??꼳?α녅??듄넽?뉌뀳?ⓤ꼳??," '#??듄넽?뉌뀸?ⓤ꼮??넫?뤳뀽?メ꼥?■넽?뉌뀿?뚡뀿??]""",2020-08-04,0,,,,,,,,,,,,,,,,,
99,"?뮆?뮆?뮆?삠꺕?삠꺕#kactress #kdrama #kactor #?귗뀫?료꼳??꼺?㎭넧 #namjoohyuk #?뗡뀿?됣뀯?솽??㎭녅 #leesoogeun #?듽깲?룔굺?γ깚?㎯궚 #?쀦윶壅?#?ㅳ궫?녈궘?쇻깾??#?뗣겗?녈굺?쇈꺂?덀굺?▲궭?쇻꺂?뺛걢?숁걢?쀣걼??깲?쎼굺??궥?쇻깷 #??깲?쎼굺??궥?쇻깷 #?뗡뀱?ⓤ꼦?⒰꼱??꼳?α녅??듄넽?뉌뀳?ⓤ꼳??#??듄넽?뉌뀸?ⓤ꼮??넫?뤳뀽?メ꼥?■넽?뉌뀿?뚡뀿??""['#kactress'", '#kdrama', '#kactor', '#?귗뀫?료꼳??꼺?㎭넧', '#namjoohyuk', '#?뗡뀿?됣뀯?솽??㎭녅', '#leesoogeun', '#?듽깲?룔굺?γ깚?㎯궚', '#?쀦윶壅?, '#?ㅳ궫?녈궘?쇻깾??, '#?뗣겗?녈굺?쇈꺂?덀굺?▲궭?쇻꺂?뺛걢?숁걢?쀣걼??깲?쎼굺??궥?쇻깷', '#??깲?쎼굺??궥?쇻깷', '#?뗡뀱?ⓤ꼦?⒰꼱??꼳?α녅??듄넽?뉌뀳?ⓤ꼳??," '#??듄넽?뉌뀸?ⓤ꼮??넫?뤳뀽?メ꼥?■넽?뉌뀿?뚡뀿??]""",2020-08-04,0,,,,,,,,,,,,,,,,,
